2.890081736058873751e+00,3.008857842649424352e+00,2.951252823230082978e+00,2.938531897275187266e+00,8.046076644255533594e+00,9.372335233260137954e+00,1.016327994381285293e+01,1.964206053617156611e+00,8.799246419263457852e-01,1.086602974489726758e+00,1.302273006611666561e+00,1.151038927906397280e+00,1.688953338963237405e+00,1.995724638313165489e+00,2.003235821924055582e+00,2.006035519362468378e+00,2.006705249698490512e+00,2.059454779461656670e+00,2.027767188626631079e+00,1.183297400309552661e+00,1.276247913534493295e+00,1.990389502472195371e+00,1.970442997651702832e+00,1.992041010239149035e+00,2.135258763375592839e+00
3.177972523230190860e-01,6.870805587928446867e-01,6.677026274303886622e-01,6.344270008365719971e-01,8.811518621247852678e+00,1.012224965357584949e+01,1.077187729479414280e+01,1.645098663084481494e+00,2.376792231484592399e+00,2.338970448040210037e+00,2.673195763454707663e+00,2.592798081332976512e+00,2.142207097048057562e+00,2.315355651263883097e+00,2.334349229458446473e+00,2.325885899258523182e+00,2.349432706334756649e+00,2.342643476588902818e+00,2.379342776682291216e+00,2.450007504821493320e+00,2.621434833375097195e+00,2.306665328343321164e+00,2.351440223733840984e+00,2.349659602895960209e+00,2.451443332671502162e+00
1.192718583552973888e+00,1.455151037655169288e+00,1.306874344112718855e+00,1.330823736942465807e+00,8.473037591550744096e+00,9.737395526683016556e+00,1.041620954400632471e+01,1.527539799198294412e+00,2.016228873703277191e+00,2.055599691873688073e+00,2.359781192399196925e+00,2.261181914241309432e+00,1.923447004801416726e+00,2.141982156495786160e+00,2.155204630117674824e+00,2.144409176213078805e+00,2.163451731732956684e+00,2.155775709096024340e+00,2.184765441665355468e+00,2.203846265537045657e+00,2.368995303534590313e+00,2.118366434042267876e+00,2.153639609263665822e+00,2.157332991482519446e+00,2.448485634336107886e+00
1.564213766582210896e+00,1.804874691193109948e+00,1.541535380504029495e+00,1.602895414632799609e+00,8.186076033137762664e+00,9.553766388680051236e+00,1.019275740252837004e+01,1.328759210290863857e+00,1.708983677455214734e+00,1.734067941238795152e+00,2.063553281080928059e+00,1.863764670178033267e+00,1.641568230648556836e+00,1.965044803836595744e+00,1.983415506835092268e+00,1.986387058760374913e+00,1.987921541722794450e+00,1.973067378645815495e+00,2.004440504097478204e+00,1.906161947249137789e+00,2.039966134556934207e+00,1.953230099711299461e+00,1.976601641723513048e+00,1.982915085948686151e+00,2.197409500497897294e+00
2.717341003118265874e+00,2.844269086810105929e+00,2.771769105077620310e+00,2.765378606995225752e+00,8.021370477566717838e+00,9.349339475096915208e+00,1.010251107301886364e+01,1.441168127058681803e+00,5.861134582801975634e-01,5.951817716903490263e-01,4.628302780281070561e-01,3.811933569182200943e-01,1.027346766942456968e+00,1.240824833685613360e+00,1.249101124868481127e+00,1.265211626527318334e+00,1.249551883482787229e+00,1.296198197215315373e+00,1.276845665742722735e+00,4.341539424208056275e-01,4.406903969141056643e-01,1.247046032029193396e+00,1.223930450554730154e+00,1.250328449966533917e+00,2.425289478917737718e+00
2.711019817058947456e+00,2.841321306319838147e+00,2.768342660256263521e+00,2.765974723126701118e+00,7.967148085004974511e+00,9.248651767110562361e+00,1.005619320565942409e+01,1.418738038268897217e+00,5.638831934095783760e-01,4.486954003911264866e-01,5.489932860431194772e-01,3.529062762620598925e-01,1.071593638602067911e+00,1.324209612699509098e+00,1.332024269421316687e+00,1.351768477956836190e+00,1.329298286538127094e+00,1.370249779199931517e+00,1.359404464928513523e+00,4.782359337360812535e-01,4.621319569401202698e-01,1.337661344832413945e+00,1.311167358325197041e+00,1.332475381233714673e+00,2.310075468341584948e+00
2.751951219004396876e+00,2.894935816446999599e+00,2.788973424862166262e+00,2.790480138557972722e+00,7.932048697871827869e+00,9.246953101567978450e+00,1.001255925193142104e+01,1.476080195054888078e+00,5.306867530753701656e-01,5.644375492045660136e-01,7.088966420434607008e-01,3.119113384550670220e-01,1.170472641137514147e+00,1.465840887831319383e+00,1.475198751733711067e+00,1.493136598423028705e+00,1.472160519000636603e+00,1.517034838427921084e+00,1.496255173702107033e+00,6.876325912930304485e-01,6.961384700020600835e-01,1.476317370215529889e+00,1.446630917882388623e+00,1.470944084702214161e+00,2.376862147274169335e+00
2.713630240392652659e+00,2.846188013660805982e+00,2.750896741137625945e+00,2.754240408028995279e+00,7.980498386202925509e+00,9.287034823241778980e+00,1.005188717560118761e+01,1.541887662701822759e+00,3.759330823453252424e-01,5.063843525286751968e-01,8.228776335009880816e-01,5.652651374423167674e-01,1.200814344338495987e+00,1.584071221657796569e+00,1.591950241844815261e+00,1.615840332320375827e+00,1.595329847998079087e+00,1.655463697813713164e+00,1.618292463292676286e+00,7.683344019994798879e-01,8.569576249190095085e-01,1.599611908814003502e+00,1.559533010668496811e+00,1.588111102010722586e+00,2.245012265110283511e+00
2.717440059390343610e+00,2.854569529667657424e+00,2.752868716622620227e+00,2.759661176450357800e+00,7.861173571850312847e+00,9.150677648580057166e+00,9.920630765980652299e+00,1.416122285180154261e+00,4.602891921016618593e-01,3.968518625859002724e-01,6.051487723198050173e-01,2.273231595340229616e-01,1.057623274090865317e+00,1.361349841783379588e+00,1.369172578838738330e+00,1.393559691775024145e+00,1.368370024312685729e+00,1.430437152040630711e+00,1.388485967153781253e+00,6.032378906381532513e-01,6.201611120331835814e-01,1.386263232567856329e+00,1.339441978784231990e+00,1.363564579331371762e+00,2.341631529556869484e+00
9.828933852347777389e+00,1.007355809396690027e+01,9.561700525709815324e+00,9.782318024424967007e+00,2.358848664646606252e+00,3.207508592165436934e+00,1.343374332878250366e+00,9.115060627383968495e+00,8.906680305303002143e+00,9.017931558822642302e+00,8.794510175125026308e+00,8.863825250493663432e+00,8.880599427024520764e+00,8.767734248883771286e+00,8.754498297322669487e+00,8.771200309802216211e+00,8.755378450688390046e+00,8.789739846584653904e+00,8.695316887072118917e+00,8.977452892724123501e+00,8.957530093591881126e+00,8.796125923276566283e+00,8.750061325584946204e+00,8.741709532752333089e+00,9.434022106820567188e+00
9.887431500467261714e+00,1.013020347980817704e+01,9.618182785961527870e+00,9.835470538458778833e+00,2.407440683618518928e+00,3.229588306751112192e+00,1.363484452195695029e+00,9.155096439261274810e+00,8.943559633117722285e+00,9.055220282445191060e+00,8.825582690719585344e+00,8.897849599671394216e+00,8.914397143970516524e+00,8.793636252059135572e+00,8.780691905178022338e+00,8.797569378493189873e+00,8.781635751091236841e+00,8.817767649836175892e+00,8.721070048155256771e+00,9.013229536704095324e+00,8.992405831044790077e+00,8.822315854660159218e+00,8.775825680452975064e+00,8.767307856600499605e+00,9.495303415195039065e+00
1.022510682072281796e+01,1.049043033463209440e+01,9.999243135420300632e+00,1.022375403090151558e+01,3.272393718696646303e+00,3.506832956538720847e+00,1.296194327461750673e+00,9.562904069360083525e+00,9.333307231265727921e+00,9.431746825593409156e+00,9.230811251031161291e+00,9.277098997277567705e+00,9.358093228815725695e+00,9.239802396009759278e+00,9.224062904346508773e+00,9.242086661862925823e+00,9.222034331835253340e+00,9.254692806479731360e+00,9.165094015737519584e+00,9.428170535126264795e+00,9.413558526647369362e+00,9.262419486213184783e+00,9.213869715391657778e+00,9.207159434688270139e+00,9.936394396044773814e+00
2.665370407557805521e+00,2.774069270858073200e+00,2.692860602101615264e+00,2.706176270500324055e+00,7.953737006781584462e+00,9.256833001321535193e+00,9.943433609585884625e+00,1.355904544835140557e+00,1.131958738417499166e+00,1.077390614154891901e+00,9.302884892141618511e-01,1.093283199424690322e+00,7.813125585304716569e-01,9.516528908778592033e-01,9.468736919230373861e-01,9.933465510540758769e-01,9.683805807299249446e-01,1.095612384486317703e+00,9.740477876160976711e-01,9.729679328323248555e-01,1.002712742594800810e+00,1.022247029748688973e+00,9.169708021958894451e-01,9.525064744003405304e-01,2.729190729243849756e+00
2.540883230151262939e+00,2.674265901605110241e+00,2.587889703714458811e+00,2.595414144878434914e+00,7.952448188447467814e+00,9.262730678718066102e+00,9.962874352135798972e+00,1.162804506269790261e+00,1.021026625466346038e+00,9.637643436497519422e-01,7.969880865300313921e-01,9.611873146918661348e-01,6.129612664965105040e-01,7.040630652793243849e-01,7.031579115900411514e-01,7.414493303073022012e-01,7.235932332899686070e-01,8.425891095587439983e-01,7.404919178822370052e-01,8.043729296867326850e-01,8.412331731623972075e-01,7.531519857296740117e-01,6.706694499533798481e-01,7.068574807772768365e-01,2.643908113120843950e+00
2.523985528635413367e+00,2.655515142777941318e+00,2.561853280683827006e+00,2.574258760595738327e+00,7.959384815463127261e+00,9.274941712065205124e+00,9.963928395948549621e+00,1.121058234207145343e+00,1.102258989629254948e+00,1.040106342270737061e+00,9.324020377239542468e-01,1.056985851590138914e+00,6.075871969367102610e-01,7.160490953246734236e-01,7.137679462882380310e-01,7.491999968885675321e-01,7.388624698852332973e-01,8.673079123538208757e-01,7.553879009169697234e-01,9.249366094158469886e-01,9.638854916891669289e-01,7.672406490895913311e-01,6.825685934034579905e-01,7.224656549626116142e-01,2.686852754233270080e+00
2.140103241756335706e+00,2.270207095341150616e+00,2.278795819096532504e+00,2.282629646220919906e+00,6.723388887301017469e+00,9.807878278117003745e+00,1.021697769894704422e+01,1.888029880545851968e+00,1.837812166231796773e+00,1.936622667102791073e+00,1.767053131202809269e+00,1.952039639836538720e+00,1.806701962641188652e+00,1.883893195913292296e+00,1.875114640863815518e+00,1.878371196230946838e+00,1.867185252679086860e+00,1.826849494100890592e+00,1.874431269539781120e+00,1.639042088878809311e+00,1.647720774096645302e+00,1.859324119576956758e+00,1.865197050510064791e+00,1.862969931899891352e+00,2.079542734795282843e+00
2.809310676886812796e+00,2.902964415580524538e+00,2.961554433959537658e+00,2.978224708687805755e+00,9.438828055074795387e+00,1.156729208128462538e+01,1.237028353288431681e+01,2.901590529364482141e+00,3.250554497639649654e+00,3.197587586440455265e+00,3.576350930410812534e+00,3.378859756478602261e+00,3.310444477080225489e+00,3.552891576170619459e+00,3.559837989432738770e+00,3.542885549852505811e+00,3.548359869840055580e+00,3.488806524128537312e+00,3.590811584342836316e+00,3.270087420111885468e+00,3.301947245643835682e+00,3.524959592999589386e+00,3.570227605851155950e+00,3.565264297098829971e+00,2.226354406145024001e+00
2.674364740634777249e+00,2.716579930455698566e+00,2.828822940251814799e+00,2.784265490774922025e+00,9.287904351161683891e+00,1.123034261704530401e+01,1.190869927098769665e+01,2.712918981958228226e+00,3.015717868989101991e+00,2.945210934885381882e+00,3.372222888100851801e+00,3.126808457023301013e+00,3.060212922677238545e+00,3.348737283217132710e+00,3.361150322747573860e+00,3.353506145637932256e+00,3.349401908358781377e+00,3.310971849259449762e+00,3.394432356154385211e+00,3.105213236343691285e+00,3.132358889190917761e+00,3.336699566242266268e+00,3.364367467295560576e+00,3.364400726811486830e+00,2.199918176111949730e+00
3.090136951757192829e+00,3.157651281732158033e+00,3.304949137594001662e+00,3.255253678069592649e+00,9.416969857075178751e+00,1.133824036524531031e+01,1.212798972483177096e+01,3.020636576240889326e+00,3.238737889371132272e+00,3.180385153776040585e+00,3.494418462088304977e+00,3.339299076870535732e+00,3.335420400191311696e+00,3.515665689868694432e+00,3.519850614441154324e+00,3.504449649834608937e+00,3.506302563097075442e+00,3.456653845924823720e+00,3.557196880695613128e+00,3.263430793665455631e+00,3.280522147695917656e+00,3.485132519953957786e+00,3.530414493709745027e+00,3.527974187501345948e+00,2.469556202008684309e+00
2.118515892936148504e+00,2.273758803272454276e+00,2.267621695587003217e+00,2.282147959774460944e+00,7.006218246401616057e+00,1.020698984037715640e+01,1.047616050682900557e+01,1.961443321371816095e+00,2.170187227109220629e+00,2.255475227708700903e+00,2.111253232801005186e+00,2.229400860139429952e+00,1.946598666497078245e+00,1.936312009780125853e+00,1.927218716651414088e+00,1.913879236284019347e+00,1.928391538031163366e+00,1.886472672552430341e+00,1.943661349810975603e+00,1.970337727057722477e+00,1.925590484022551285e+00,1.898566498317916684e+00,1.929971354375742409e+00,1.927724975439343513e+00,2.201415525556706054e+00
2.149392432485725646e+00,2.317363161822763029e+00,2.345027321206947235e+00,2.348310382623473913e+00,6.793375030529370306e+00,1.036235360294092622e+01,1.037700771530671773e+01,1.834418134815796186e+00,1.727966497233355714e+00,1.773358448300068391e+00,1.667453087600045070e+00,1.828404918661367784e+00,1.765582058814795241e+00,1.739670102207358182e+00,1.726387532892544652e+00,1.725729763079794310e+00,1.720325787984060550e+00,1.664095524563183215e+00,1.734557958352089369e+00,1.570421509256619830e+00,1.554765555564495916e+00,1.705041489529819820e+00,1.719857777881155458e+00,1.718249438828135744e+00,1.635101320352908338e+00
2.442193915907229229e+00,2.641697231400702339e+00,2.517571969390990816e+00,2.532545158684031517e+00,7.878510192388056943e+00,9.239773845464618773e+00,9.945170579063974614e+00,1.024585924014714822e+00,1.422796432903752573e+00,1.347514888702406211e+00,1.160135493751089486e+00,1.318259680475334594e+00,8.187453786704993464e-01,3.247918828365963656e-02,3.490472428700148316e-02,7.827035376005266054e-02,6.927611228121516307e-02,2.296511971725913037e-01,1.290482548063602297e-01,1.141294413576664946e+00,1.149069735307403528e+00,1.487362202404552136e-01,1.032754162339757087e-01,1.010966022787754687e-01,2.815824451219906877e+00
2.429115448853982340e+00,2.631232718730364795e+00,2.510970839330723514e+00,2.523030534647940026e+00,7.896653937086239416e+00,9.255991052357824600e+00,9.964940984678484881e+00,1.010259452203542407e+00,1.421885899093272343e+00,1.353540153336213470e+00,1.172101825378834672e+00,1.325531750267454845e+00,8.261716224904497308e-01,8.384026316872124351e-02,9.072471016816269218e-02,5.233356248586237824e-02,1.027711602991407402e-01,2.233922572447504251e-01,1.569178316358313119e-01,1.146202975674069702e+00,1.156401237700626972e+00,1.183075191662992937e-01,1.260148071669298930e-01,1.242674806965444190e-01,2.817910648399498452e+00
2.461672137372087565e+00,2.670543495039713111e+00,2.540836313241137123e+00,2.558989376318860920e+00,7.841787632310866840e+00,9.199924087211220680e+00,9.919426371078621685e+00,1.042634717620906537e+00,1.452981429031896532e+00,1.374547407049454772e+00,1.182638456372276270e+00,1.343611421758330815e+00,8.703019174038562067e-01,1.244879269776068414e-01,1.106287588946428257e-01,1.086187658038183512e-01,8.116931737775058553e-02,1.681512019149901394e-01,1.239239789502546707e-01,1.169487109781492284e+00,1.170048523736233248e+00,1.635948908255074608e-01,1.505643287324356372e-01,1.313619215922499361e-01,2.828663137251052895e+00
2.496822722344866019e+00,2.703316565985681486e+00,2.569035082217077992e+00,2.592240595259424740e+00,7.797969886488786528e+00,9.160073793605423731e+00,9.875898875599840920e+00,1.089113927691430783e+00,1.447743119558256186e+00,1.366682994946577745e+00,1.152503257962005589e+00,1.332879744305825120e+00,8.763881979239498410e-01,1.815137419995768442e-01,1.644301156010204157e-01,1.952483453289746707e-01,1.452834620739172078e-01,2.052083827920715420e-01,1.496869008364860587e-01,1.156362940453128596e+00,1.150621219444383891e+00,2.227194595962552481e-01,1.934257066024992755e-01,1.728458780765655678e-01,2.823386252972072352e+00
2.482691452311702740e+00,2.687700752034908547e+00,2.559585961298023182e+00,2.579289213934934821e+00,7.846652888197079179e+00,9.206810412471378768e+00,9.915030165418173169e+00,1.071721840640020629e+00,1.452232250675818737e+00,1.380188256843468908e+00,1.170886729279713379e+00,1.343736781565390448e+00,8.684909063707575427e-01,1.133254104895576458e-01,9.396897016118262169e-02,1.067801860070296538e-01,7.980207219555515707e-02,1.776708761953194882e-01,1.068758656302191551e-01,1.169496487576745958e+00,1.169280575355551077e+00,1.605294403763550815e-01,1.228973865710232677e-01,1.063203077644943040e-01,2.848964395929240112e+00
2.463580162817506025e+00,2.668381755356938889e+00,2.544738622407431095e+00,2.563064326973020002e+00,7.871540581299627526e+00,9.225026001932359776e+00,9.939466365866106656e+00,1.052846361194914371e+00,1.433546767127557020e+00,1.360456628295269921e+00,1.162306158250440147e+00,1.327474816437263616e+00,8.588587510769466471e-01,1.323011103648526754e-01,1.210243041347496967e-01,1.121534365619716450e-01,9.294415877986424157e-02,1.491015288403148009e-01,1.436768550434934233e-01,1.147911937632342116e+00,1.149195621965714675e+00,1.529223507306354257e-01,1.403823985139809050e-01,1.262340723037159718e-01,2.824158473974257344e+00
2.477355637487246742e+00,2.685305830801725246e+00,2.552378506361054455e+00,2.573307877630453877e+00,7.821463120117326362e+00,9.161746930117827148e+00,9.867280671200058251e+00,1.082884634458362028e+00,1.477946203277407777e+00,1.398177181288181137e+00,1.205288366343671314e+00,1.369702451094730211e+00,8.786884292260085383e-01,1.663460696562282237e-01,1.476702310109173633e-01,1.790512055767903565e-01,1.250454402823641953e-01,2.251889918582571093e-01,1.059037615212712197e-01,1.213987287747034571e+00,1.216711197434436897e+00,2.376385447812210117e-01,1.457489498985569398e-01,1.222513611002004064e-01,2.855154455920569934e+00
2.428000892010545364e+00,2.630751621047545452e+00,2.506272458097145606e+00,2.521761689128088513e+00,7.886332758942246279e+00,9.239709439683975845e+00,9.950531482399648908e+00,1.014147167462412069e+00,1.441441233140644762e+00,1.368103723059942656e+00,1.188608655900037281e+00,1.341747921601774252e+00,8.306030767689224215e-01,1.176059682012327023e-01,1.187969237401105410e-01,1.083404626548395977e-01,1.027923181257001106e-01,1.680591805571092778e-01,1.421579610617206002e-01,1.168083568019879115e+00,1.176031143145898072e+00,1.432014062739828120e-01,1.384318315817985590e-01,1.281476166581484444e-01,2.822000183505586790e+00
2.492712557499886739e+00,2.698727420855547621e+00,2.566503049746466036e+00,2.585457472027077319e+00,7.824609023981571099e+00,9.185625157477927516e+00,9.898892242415467280e+00,1.078881371589013982e+00,1.458191274354135869e+00,1.385813844963917463e+00,1.172560580301083233e+00,1.346739482036255042e+00,8.660974611013241287e-01,1.623194608609555556e-01,1.428849824320024831e-01,1.510016981769116973e-01,1.212646562711844900e-01,1.866128916712096464e-01,1.070092512759380776e-01,1.171903482726776691e+00,1.169752716928756264e+00,1.631310965779951272e-01,1.557892443213624578e-01,1.402396511902350151e-01,2.850588781205758870e+00
2.484329894993948962e+00,2.689766925797159924e+00,2.565605050124410091e+00,2.580468147594209505e+00,7.856663746283658156e+00,9.209833313534286248e+00,9.927918235251530277e+00,1.058502756409801959e+00,1.411347834166780890e+00,1.338753214742325115e+00,1.137595084691192859e+00,1.302365824255458104e+00,8.459492737056794054e-01,9.783544312458591907e-02,8.325303264376678059e-02,9.224911647046590835e-02,5.240900052486541921e-02,1.893028961433155521e-01,1.093185100111034452e-01,1.128959575304407714e+00,1.129398331097693386e+00,1.454272527232168544e-01,9.413268542544329931e-02,8.112889650028781707e-02,2.818713382051724281e+00
2.576237768063665445e+00,2.754372155569125624e+00,2.593329154193455999e+00,2.618719398483614569e+00,7.882127715083949937e+00,9.229589677908688117e+00,9.916116993092765952e+00,1.282340260423421086e+00,8.684734398267509592e-01,1.009547905535828072e+00,8.724622710631737554e-01,8.776315218834326304e-01,8.778667491040049731e-01,1.123076277638200615e+00,1.127306375392894244e+00,1.143902029554139110e+00,1.133047776618056446e+00,1.188777687961701579e+00,1.142257097579135072e+00,9.197151940000194426e-01,9.893624042376713001e-01,1.119119534119000337e+00,1.084006204471216206e+00,1.118604495000512511e+00,2.617085286891649432e+00
2.633728049267805460e+00,2.756126861243610282e+00,2.685563210177592364e+00,2.689447451428292890e+00,7.956307304757300081e+00,9.230872508229305495e+00,9.953541984985797342e+00,1.284963019317596489e+00,1.200271889561469241e+00,1.085335653921953414e+00,9.305552431994873475e-01,1.108450490930797727e+00,7.967247166758996135e-01,7.522352605854543128e-01,7.482063780768954953e-01,7.969751482095965844e-01,7.615200468243715770e-01,8.728597214241283764e-01,7.752256434113325989e-01,9.429464443447813649e-01,9.423684548979142095e-01,8.252854518076349066e-01,7.272234545754654444e-01,7.501989339211235785e-01,2.657738840561447269e+00
2.308085894032580576e+00,2.525868759267628771e+00,2.346898113599146907e+00,2.394648936430465280e+00,7.804098754304904517e+00,9.154919211897349030e+00,9.854442589884230941e+00,1.019776881068233942e+00,1.238233787998884061e+00,1.184059278131905479e+00,1.127794873656643215e+00,1.171628035907399612e+00,9.002416326085772580e-01,8.416615175964677897e-01,8.498353153461756238e-01,8.642840192884018169e-01,8.403439119198464757e-01,8.062351491580573848e-01,8.494654391029555773e-01,1.135199353948036949e+00,1.181512646010528522e+00,8.273395556234603987e-01,8.395596400689087080e-01,8.446179623335320352e-01,2.590450164085830398e+00
2.541138912086472246e+00,2.658674233401265408e+00,2.605606098358120182e+00,2.599349813593810232e+00,7.962455387679183261e+00,9.273567899383314383e+00,1.008448049361849286e+01,1.306898516421038270e+00,7.173623497275136707e-01,5.939792893039106403e-01,5.594885535036596691e-01,6.437705434835967466e-01,9.398814154962914502e-01,1.106948886087574691e+00,1.111294120710822675e+00,1.132338641799852441e+00,1.112220285376700923e+00,1.160766646493206267e+00,1.147848224618812196e+00,2.775611831042825717e-01,3.579184412810473837e-01,1.120999641323117357e+00,1.101886782699482925e+00,1.120616904472559128e+00,2.254463748311325233e+00
2.611197651675748244e+00,2.731319529610779728e+00,2.677928469556556834e+00,2.666414447618698169e+00,8.003029249781082655e+00,9.311906014771073714e+00,1.012830101173327790e+01,1.361163048607480164e+00,6.448016437586474581e-01,5.392257609059438739e-01,5.526141787480993717e-01,5.436106667733112685e-01,9.999003956780698754e-01,1.205571647005366565e+00,1.211506469942293052e+00,1.231245782525444588e+00,1.211982718958264149e+00,1.264476679033689654e+00,1.249000626654731105e+00,2.511435224273024791e-01,2.997503573118853182e-01,1.218118308270600858e+00,1.197957173643928286e+00,1.219463237500814090e+00,2.242563249425384431e+00
2.602206588607303583e+00,2.738477408747239217e+00,2.668714650833476032e+00,2.667439487847040880e+00,7.974239836910005153e+00,9.284141013202424020e+00,1.009980181509031283e+01,1.354721039001568261e+00,5.711252352571493107e-01,5.809128532085675589e-01,4.423350293624768170e-01,5.518016696480201322e-01,9.439516597307874290e-01,1.159725430319810124e+00,1.162785693923031216e+00,1.180247142498207058e+00,1.162437636230565730e+00,1.203003864878267271e+00,1.194016695439405140e+00,2.221818186037598231e-01,3.291068034221683591e-01,1.160957239735338709e+00,1.140413917972112667e+00,1.163772188378716432e+00,2.296796109667718522e+00
4.356690026366329072e+00,4.319358612766899697e+00,4.162277004924426649e+00,4.207031794045925643e+00,7.443963020409139375e+00,8.269539553314206870e+00,8.234015498556505719e+00,3.839921635781817777e+00,3.822070507123826122e+00,3.833294102564765549e+00,3.862909565664202738e+00,3.925381859348109348e+00,3.548597117722192440e+00,3.807145758397436630e+00,3.809992731843358627e+00,3.841859330802701589e+00,3.837143196144085167e+00,3.932555372814718009e+00,3.828338641997661718e+00,3.773212661521014866e+00,3.881149629778587684e+00,3.844429167004795644e+00,3.806997662354401069e+00,3.825414976659701427e+00,4.221064541588746444e+00
2.432731855424166589e+00,2.641314896067485041e+00,2.515077614316579613e+00,2.528945061801531224e+00,7.869876951154850531e+00,9.219751749730583867e+00,9.936299185506959120e+00,1.013304127337126159e+00,1.411859302880988931e+00,1.347080273485626867e+00,1.166409015588362630e+00,1.315577622600327956e+00,8.297626928247670008e-01,1.318733515455620120e-01,1.350801088045149034e-01,1.066914521123915882e-01,1.147185150443871260e-01,1.642780194003885530e-01,1.504973243605439437e-01,1.136703910599686340e+00,1.147682720421790092e+00,1.052389644027030002e-01,1.339327326196270984e-01,1.184026972483600004e-01,2.805887119815101638e+00
2.460073555567741543e+00,2.662824326224691784e+00,2.537960529348132432e+00,2.553077120197751793e+00,7.869207280137779925e+00,9.223008649557078442e+00,9.930533408352950175e+00,1.046160439836211653e+00,1.425641949263130925e+00,1.351538332684491861e+00,1.156813406930162325e+00,1.319605621175365506e+00,8.358060430392706408e-01,6.745772413189193850e-02,5.319400768749860120e-02,8.701565516309169024e-02,6.093162720758927425e-02,2.289813341676140979e-01,1.139578999395457204e-01,1.150144592814791977e+00,1.155643871312148852e+00,1.606242274291758976e-01,8.930891418900095691e-02,8.377108269853736355e-02,2.829596710855019293e+00
2.457872886425165326e+00,2.661024761281143736e+00,2.538100967274660391e+00,2.550971171624060396e+00,7.872826412504949189e+00,9.226499655797830712e+00,9.931916977780051781e+00,1.049863620257186714e+00,1.431479659665825466e+00,1.360744882260366273e+00,1.163532725373522370e+00,1.327609107855242554e+00,8.409626449290216188e-01,8.144190515850878442e-02,7.465014442276893258e-02,8.164959064334013916e-02,8.994666714767679538e-02,2.413958099724953232e-01,1.269964437672054802e-01,1.153612531033495481e+00,1.161225311213948119e+00,1.460988630328237670e-01,1.016602458458761293e-01,1.012790787628005673e-01,2.838095608348828236e+00
2.419268676187452005e+00,2.627628554403337091e+00,2.500280173814686702e+00,2.514253704607311679e+00,7.868355990991800830e+00,9.226873820557441874e+00,9.937047792138375968e+00,1.012647048256222870e+00,1.437606392945227407e+00,1.372951802724024839e+00,1.194438739634845703e+00,1.347408857996564180e+00,8.531392749528303732e-01,1.188808994927706003e-01,1.167277137730721448e-01,6.943981690022216213e-02,1.192908122127793596e-01,2.312003501224919044e-01,1.601519584080768333e-01,1.171116748912261363e+00,1.184575797097386474e+00,1.308190440187325387e-01,1.461343142858781696e-01,1.360761116633157630e-01,2.825669545187666554e+00
