6.933341253890938916e-01,7.163652699818613412e-01,6.717651632263584860e-01,5.991344532580255011e-01,7.174714130499993958e-01,4.917421986442239157e-01,5.942977443855556041e-01,6.188921161066430754e-01,6.724245732288802735e-01,7.457775281815713919e-01,6.581129503110921819e-01,7.096824167135166173e-01,5.688560386989683915e-01,5.641397765180753421e-01,6.259658435084878292e-01,6.051459088978632384e-01,1.541757990858208416e+00,1.568928426497111728e+00,1.588419744144089485e+00,5.794212802292251219e-01,5.710681008220073185e-01,2.204884360950935651e+00,2.280790338658380545e+00,5.510352881290160321e-01,5.382572897194124462e-01,6.246855353392190002e-01,7.135763494702933585e-01
2.994960083579619958e+00,2.932852457106605026e+00,2.960902714587884788e+00,2.909058447859014240e+00,3.030329368939231660e+00,2.533900418305391700e+00,2.838390997291383222e+00,2.900346710409221984e+00,2.968003635391700534e+00,3.009860047796943494e+00,2.972391315851365068e+00,3.023198887458339534e+00,2.843729282252446922e+00,2.834670704879109326e+00,2.926127901183810387e+00,2.864965942724815751e+00,2.575143115892505108e+00,2.624518860011279209e+00,2.667541837132781257e+00,2.866713371192107118e+00,2.876358964184062561e+00,3.057042524940519090e+00,3.117576904109695679e+00,2.955810617453357825e+00,2.827912024621622944e+00,2.547129279654706924e+00,3.032094027369445222e+00
4.229679542778414181e+00,4.183230307592639363e+00,4.193311615500033618e+00,4.158687020487956687e+00,4.229610311570300318e+00,3.428595406584680649e+00,4.078324726282799517e+00,4.104295964148799492e+00,4.170074580572088685e+00,4.229596396476067000e+00,4.213141975035296305e+00,4.252808911522810043e+00,4.112222541728607794e+00,4.087406836553885370e+00,4.126386929481634880e+00,4.106216534708162946e+00,3.663091658936084016e+00,3.743933818103332367e+00,3.809549921945360129e+00,4.137120702373594305e+00,4.120421495750328233e+00,4.045413932334807505e+00,4.126153781811457755e+00,4.286340576913439726e+00,4.135132953638955833e+00,3.184924883302083121e+00,4.193095012300586788e+00
1.536655288400402330e+00,1.483814013031469647e+00,1.510062340578630202e+00,1.496418314876697853e+00,1.551792740553781691e+00,2.368008232451783268e+00,1.509000688873329166e+00,1.584011200472431602e+00,1.499162369432664343e+00,1.532924299000773871e+00,1.546713669709452343e+00,1.544271039185448613e+00,1.531081694265165272e+00,1.541781309521898180e+00,1.576573313018680977e+00,1.521045339082071735e+00,2.496997301578145922e+00,2.550204087278703291e+00,2.597104274453774675e+00,1.547751506963725987e+00,1.555316331421926712e+00,2.671503607584382767e+00,2.716898359470275359e+00,1.646969688632258233e+00,1.504368319955964539e+00,9.651044389587446481e-01,1.524434324872899982e+00
1.886741351466407757e+00,1.870043424797160236e+00,1.864583682430363432e+00,1.848187664253580831e+00,1.872741210581650551e+00,1.697938473712165441e+00,1.787928783043249314e+00,1.795808501678298752e+00,1.881682992721398495e+00,1.878882176579519170e+00,1.814957329414733422e+00,1.861183413628660688e+00,1.787880014730798495e+00,1.793310347166819918e+00,1.810685174685971344e+00,1.786434725799130874e+00,7.792782561047814083e-01,7.515231741667899312e-01,9.151034919167029269e-01,1.780893543496437914e+00,1.779877250810881550e+00,2.405181817528500243e+00,2.475741263574273709e+00,1.749632504860586968e+00,1.762618754829849754e+00,1.889661883661555297e+00,1.893735378556053117e+00
9.164038339134772393e-01,9.102291138042678531e-01,9.115674780028709678e-01,9.483360508598807082e-01,8.673366842163630075e-01,9.857990520339362517e-01,9.047550718627898059e-01,8.741940010483443269e-01,9.203683211231792338e-01,8.628535757634688830e-01,8.725244835275751676e-01,8.779453478453564941e-01,9.237313411412917397e-01,9.369899209836480836e-01,8.899039310939906855e-01,8.905668183892495593e-01,1.032030831085897882e+00,1.054059178196045554e+00,1.178134797423998403e+00,8.898922767167699588e-01,8.970673659398274991e-01,2.339172097057004684e+00,2.395483063234190801e+00,9.665451801079033567e-01,9.604961343078823877e-01,1.079418456898613377e+00,8.921410222816207325e-01
1.009038639615440713e+00,1.024596046305795927e+00,1.010297745985214934e+00,9.976842770265433868e-01,1.050134183998725712e+00,8.229218559262478916e-01,9.709254951009096413e-01,1.007006166400736591e+00,1.021571228730664638e+00,1.043688244239503238e+00,1.039904046645093727e+00,9.995346576075420097e-01,9.710005347436702072e-01,9.899378626682450166e-01,1.017067535248525445e+00,9.744680991564579342e-01,1.498518742230826151e+00,1.527921252979350886e+00,1.593751116982860205e+00,9.343179912888484040e-01,9.405984496702806119e-01,2.362051914248598727e+00,2.420393111821963483e+00,9.490443860987123337e-01,9.397782511942076589e-01,1.047927737066949527e+00,1.053265582774863596e+00
3.022970030844611689e+00,3.072057344915642751e+00,3.023797005511969616e+00,2.990084292066147231e+00,3.014969550036751045e+00,2.656251641281005327e+00,2.981111799115602423e+00,2.953349017745687810e+00,2.973239160513035273e+00,3.030343535842016323e+00,3.047017009625569095e+00,3.035601257442605228e+00,2.982967892382787145e+00,2.955211483797647531e+00,2.952618836928796231e+00,2.977830992012842071e+00,3.176784023030312376e+00,3.175597177534609017e+00,3.306502376699946844e+00,2.980759455608362529e+00,2.934779181579690199e+00,3.437225093005003895e+00,3.492120293709872758e+00,3.084356346926095505e+00,3.015632228433231532e+00,2.286462649949486003e+00,2.985181632411623376e+00
3.864713689882072423e+00,3.931565845285403871e+00,3.887059071455101655e+00,3.871734227414683538e+00,3.839433574680796823e+00,3.702646400469329357e+00,3.851970346294882663e+00,3.803580052353011443e+00,3.838997520199830316e+00,3.873769538403510460e+00,3.907767190480077701e+00,3.875025126526639330e+00,3.865291216774771055e+00,3.826956553032495822e+00,3.793564956544185574e+00,3.849429564011396465e+00,3.440078257265179129e+00,3.463563134891396889e+00,3.623099093329571918e+00,3.869209052550186101e+00,3.819432931417532817e+00,3.701219064790572055e+00,3.769226775730821100e+00,3.921143297269240602e+00,3.906753687764320748e+00,3.178806792189533770e+00,3.820833221766758658e+00
3.832004229826829533e+00,3.905441322543218519e+00,3.857304403161559314e+00,3.844049233113881581e+00,3.804717292344488744e+00,3.738582413883875688e+00,3.830814015480960233e+00,3.776648786373649536e+00,3.806983500410244137e+00,3.839886988536045820e+00,3.877645828612254597e+00,3.842511800603742866e+00,3.843476076367508210e+00,3.805325310771226377e+00,3.766256306989804070e+00,3.826860669492078149e+00,3.489236903668461842e+00,3.508412119646647565e+00,3.665621852226858657e+00,3.846405801310575967e+00,3.794777576608908465e+00,3.701270499259241564e+00,3.767433165033560627e+00,3.900171610092258767e+00,3.890692232637675829e+00,3.137949939613633443e+00,3.786245385931667151e+00
1.218070829168653502e+00,1.190420992984764448e+00,1.197603920830118351e+00,1.225337343145367797e+00,1.237429840220587218e+00,1.776849087292593499e+00,1.203958034992490100e+00,1.250979230700706379e+00,1.228664388116124329e+00,1.194162768404344988e+00,1.222454809360609129e+00,1.188524636780541321e+00,1.223192085720293365e+00,1.262695379141358876e+00,1.271453490295362698e+00,1.208521433047256011e+00,2.196013583232937716e+00,2.208424534186357757e+00,2.309791130645902690e+00,1.183666549158962189e+00,1.209851815177054091e+00,2.571401451673067662e+00,2.584039561416046737e+00,1.265159903776830186e+00,1.204216516602867770e+00,1.395593173181987501e+00,1.254208425413479544e+00
1.639562173456291960e+00,1.614220156747051327e+00,1.608607969594173737e+00,1.602989732273879531e+00,1.672615515416392418e+00,1.016126884564399147e+00,1.553558224275847000e+00,1.585328835633113664e+00,1.621199358740841312e+00,1.642576244973727340e+00,1.650757269871799826e+00,1.648447142176578950e+00,1.568993725675645434e+00,1.573758095430766168e+00,1.608572284859906443e+00,1.571650856777269123e+00,2.721627385749217254e+00,2.688962688331545170e+00,2.775458529641216643e+00,1.556074784570836922e+00,1.538867977796600117e+00,2.611341307186604954e+00,2.630376521393607447e+00,1.642789393068572412e+00,1.563277917399353401e+00,1.995433680818350597e+00,1.659070515503048515e+00
1.008218282946443889e+00,8.626319105160654699e-01,9.161930429482899596e-01,9.186677599974302222e-01,1.041055278283580687e+00,1.852598520148245331e+00,7.830216437943551266e-01,9.134412555490909469e-01,9.857357017554732037e-01,9.923299737912451013e-01,9.320574986699172726e-01,9.848623763205731629e-01,8.203055245239136983e-01,8.546949695610445152e-01,9.463840552980078424e-01,8.221836331827129252e-01,2.751548562275413445e+00,2.692792478119625521e+00,2.690891630857645378e+00,8.236270296576182481e-01,8.735114690439612639e-01,2.532854705187268518e+00,2.539765956810564607e+00,9.143030814950952045e-01,7.638520973670349656e-01,1.588346094366028360e+00,1.043149259977858900e+00
1.848478815644032602e+00,1.807007986299127511e+00,1.817982941645742923e+00,1.786782638429855963e+00,1.876038553340177772e+00,2.518351696863887490e+00,1.826760676858342869e+00,1.898176484900097716e+00,1.805860320885510628e+00,1.855614143609070066e+00,1.850643511133509556e+00,1.866428137480087068e+00,1.824828912388482660e+00,1.836296634403610462e+00,1.887043568916622505e+00,1.840559330481015721e+00,2.854016525143486582e+00,2.902462477242967687e+00,2.962089482231875071e+00,1.841975160655629162e+00,1.842452517662099609e+00,2.944565520606262421e+00,2.981367245476142624e+00,1.953699134364651258e+00,1.799385476882206403e+00,1.331151488414740180e+00,1.820568148625330229e+00
1.103343429514717089e+00,9.701647625145533027e-01,1.033878668463055650e+00,1.029255016798729994e+00,1.134596194527665913e+00,1.697191652397860295e+00,9.424696603535293038e-01,1.090240850133310069e+00,1.080652939964728665e+00,1.095905340893750912e+00,1.063864284142262973e+00,1.080624543913021984e+00,9.818682841215800039e-01,1.020409491859844309e+00,1.106476417461968120e+00,9.654606198317099430e-01,1.447624901449410473e+00,1.474007184330429432e+00,1.475648190287876638e+00,1.001491724275453965e+00,1.057189606337477050e+00,2.457405206713529910e+00,2.501350128020479513e+00,1.063190644927979767e+00,8.976981865128101923e-01,7.515720646265813265e-01,1.117358817142708682e+00
2.172150387217123502e+00,2.163473191797763651e+00,2.151202174764668573e+00,2.100464276051237089e+00,2.183915520232345919e+00,1.874269470317243780e+00,2.120939436720973514e+00,2.125387238766982989e+00,2.143630037945758460e+00,2.194897392730668084e+00,2.143313966528138881e+00,2.193840675617418245e+00,2.115127548568227489e+00,2.099460811119937098e+00,2.139363769834618179e+00,2.137812386750532756e+00,2.377235832527038184e+00,2.427893018666833047e+00,2.457650851758063748e+00,2.150942786455620315e+00,2.133208930838860873e+00,3.011362218142175973e+00,3.091635529257649839e+00,2.160657011351668544e+00,2.109180401903411717e+00,1.968148792648374723e+00,2.161131297422838493e+00
2.363533761762342866e+00,2.332106403933952077e+00,2.339842934839173605e+00,2.273206305063828481e+00,2.386101548049034182e+00,9.320477214450976211e-01,2.165036590869949595e+00,2.172381859539838977e+00,2.344597286085452925e+00,2.407595743925365461e+00,2.336896809242678508e+00,2.383139599304274103e+00,2.169180365573039726e+00,2.144051413791046024e+00,2.209405027212757222e+00,2.197459096420596225e+00,2.638455655412526024e+00,2.690154585684338073e+00,2.792361044997702102e+00,2.204188457686569347e+00,2.179442567785883522e+00,2.795971639881976056e+00,2.877751310104875948e+00,2.170041707893513028e+00,2.152246859585664307e+00,2.371358745974649018e+00,2.366469114413194852e+00
1.039104988886229597e+00,1.011913799723858087e+00,1.015938302301604867e+00,9.808465316102825682e-01,1.043170648040615989e+00,1.653806248973930026e+00,9.729434895272575101e-01,9.989096924620191054e-01,1.003712159278284721e+00,1.062479830751742238e+00,1.028346634234865498e+00,1.059969783356510931e+00,9.912280010212669579e-01,9.773985965862357350e-01,1.005221702318583210e+00,9.897724990424295877e-01,2.101675678261198499e+00,2.138789961570040532e+00,2.195104993660129011e+00,1.016927334639210478e+00,1.010292824457652117e+00,2.772675077733466331e+00,2.833315346560644876e+00,1.080395271671719559e+00,9.891262703522157862e-01,8.388415408901394033e-01,1.018245578475019508e+00
1.459010811526068485e+00,1.419081182378580497e+00,1.430210446372141675e+00,1.387470835397354829e+00,1.467170027851237180e+00,1.854209013608915102e+00,1.334404832723370404e+00,1.376905334941949333e+00,1.421215756914418149e+00,1.473707341727275466e+00,1.434683800808907783e+00,1.468928910128789234e+00,1.341563651669415602e+00,1.337172702502288812e+00,1.390826378575043210e+00,1.352547014429592576e+00,2.168980951926224865e+00,2.218434677044609060e+00,2.301797288065125624e+00,1.363622662125413942e+00,1.359148457286483369e+00,2.227803131153735183e+00,2.286895964963894468e+00,1.424015283457334968e+00,1.331074549774871496e+00,1.050604154970147697e+00,1.449403653340705089e+00
9.605195912274959724e-01,9.439560834970491809e-01,9.355014217053001513e-01,8.573076319526310440e-01,9.969979833746472897e-01,1.090124400945727823e+00,8.009662781103884521e-01,8.570751729789799489e-01,9.346396699342959247e-01,1.001706462496579020e+00,9.396476231701998971e-01,9.712541271303681834e-01,7.862543293002440814e-01,7.910138165488586059e-01,8.806009944818982138e-01,8.206493038879957291e-01,1.459588459057117094e+00,1.488607036723546440e+00,1.584695653160648643e+00,8.037447545665004078e-01,8.010308860353529958e-01,2.102277342615796574e+00,2.160741630342491781e+00,8.420396144790810444e-01,7.595126187784109195e-01,7.775026813516401347e-01,9.847678033902685923e-01
7.306278017715945872e-01,6.910181565027723183e-01,6.826954447289396155e-01,6.272901809751286750e-01,7.681622960233585040e-01,5.636857568375733818e-01,6.513545332688681633e-01,7.115633379261576685e-01,6.963596938730061137e-01,7.701495413574678262e-01,7.130113712184392716e-01,7.626914273182779924e-01,6.211283246585184159e-01,6.245401870849963677e-01,7.152144388886428894e-01,6.729603615563526375e-01,9.283096709574049088e-01,8.951699682931524293e-01,1.069221266478786125e+00,6.620128897266950307e-01,6.605305324117379806e-01,1.604708059436298351e+00,1.694666666015519851e+00,6.991292617658991793e-01,6.013334613242470317e-01,5.097097147998426170e-01,7.376493141189227609e-01
6.831496351775365738e-01,7.756972848711434221e-01,7.122020484064696122e-01,7.052531657229741402e-01,7.166084624995520125e-01,2.124539536453719624e+00,7.654768760648136272e-01,7.288404188994439536e-01,6.979027958883093907e-01,7.299729644686142604e-01,7.337753491306239217e-01,7.153127235250832383e-01,7.216419933048519031e-01,7.176664410452548992e-01,7.060615053308119116e-01,7.525363300076761686e-01,3.115634333231292352e+00,3.049520228796171573e+00,3.097401030214458117e+00,6.874411421513070275e-01,6.683665243526955013e-01,2.602609793176374975e+00,2.602183303503710299e+00,6.947345975193671697e-01,7.573552126042637500e-01,1.721658730699406004e+00,7.076656282605249260e-01
