0.000000000000000000e+00,2.629357667559905631e-01,1.421636091249672551e-01,1.801305485923373750e-01,1.340392487990816617e-01,2.025202137918092671e+00,3.451474177160880341e-01,3.393398112716273785e-01,1.031386373290958808e-01,1.430563325650692219e-01,2.443272863435405617e-01,1.267708052600719504e-01,3.239140438375692210e-01,3.456077577558281932e-01,3.041234273715499037e-01,3.101889760607324797e-01,2.964835049825681690e+00,2.913385198322062664e+00,2.954916789385000797e+00,2.890990932480225761e-01,3.025007667967150038e-01,2.686218699787453534e+00,2.693413566102936141e+00,4.044655535086695286e-01,3.757231113440892556e-01,1.566428979469338678e+00,1.162350169037065922e-01
2.629357667559905631e-01,0.000000000000000000e+00,1.604890544442996447e-01,2.481745422474122553e-01,3.018375925578701824e-01,2.039970620279474289e+00,2.852686730701567974e-01,3.933028215607674571e-01,2.679930947443761036e-01,2.418061049884742408e-01,2.391457639148499570e-01,2.510696303601602231e-01,3.155554400261953996e-01,3.692591854740834845e-01,3.919739021588907746e-01,2.860981315576289763e-01,2.883747952820139293e+00,2.833054258990515439e+00,2.857158006900403890e+00,3.089711719291922121e-01,3.782928700672363864e-01,2.647807234231105866e+00,2.653442335078329606e+00,4.506929773785479099e-01,3.102288321259618065e-01,1.528671302809135657e+00,3.056522879573587703e-01
1.421636091249672551e-01,1.604890544442996447e-01,0.000000000000000000e+00,1.393535497150555080e-01,1.869024336608834658e-01,2.013053258821425828e+00,2.716486121398775100e-01,3.259868374339571773e-01,1.379271426617331153e-01,1.467826785004701651e-01,1.782541703781081732e-01,1.495004565032560240e-01,2.680200686786360365e-01,3.099465819010026602e-01,3.067581742850063464e-01,2.484834060230846076e-01,2.917499822874262794e+00,2.865014468029477346e+00,2.901036615620869785e+00,2.461462101918945600e-01,2.892828338497584473e-01,2.666210453427513283e+00,2.672967596545442248e+00,3.978726954525447224e-01,2.989043189990014948e-01,1.530878761598985616e+00,1.845997051460624427e-01
1.801305485923373750e-01,2.481745422474122553e-01,1.393535497150555080e-01,0.000000000000000000e+00,2.321977637756432733e-01,1.956581576748425366e+00,2.667044922136916907e-01,2.983548559943163259e-01,1.407483584148468969e-01,2.252142995745882448e-01,2.031624308881122276e-01,2.227349138368853732e-01,2.236473949720595988e-01,2.551645699245489451e-01,2.777792097993299070e-01,2.393188161531797087e-01,2.926916099881882172e+00,2.874819921694358626e+00,2.914171462041115213e+00,2.182403778342143497e-01,2.354329768662376532e-01,2.646257959311786756e+00,2.656020757789933295e+00,3.744952119517188649e-01,2.725453464946335225e-01,1.526429115831004379e+00,2.147897099159181700e-01
1.340392487990816617e-01,3.018375925578701824e-01,1.869024336608834658e-01,2.321977637756432733e-01,0.000000000000000000e+00,2.057439499614290401e+00,3.423855110148951164e-01,3.002014706017797629e-01,1.440305690647009085e-01,1.415796222194517506e-01,2.155035283591457129e-01,1.126557669501054293e-01,3.350945052431736904e-01,3.442749374955165753e-01,2.628728908235408723e-01,3.020873954261809047e-01,2.960108551234421626e+00,2.908569972555114180e+00,2.953055982871697793e+00,3.072996592617565081e-01,3.061957100810261401e-01,2.708952020537124916e+00,2.716686917139527147e+00,3.978342713269183428e-01,4.012735483219829757e-01,1.561184109216515070e+00,8.096289457073586882e-02
2.025202137918092671e+00,2.039970620279474289e+00,2.013053258821425828e+00,1.956581576748425366e+00,2.057439499614290401e+00,0.000000000000000000e+00,1.905948183226340298e+00,1.905977251967279074e+00,1.994825481207398887e+00,2.060363631902369264e+00,2.039257500282886770e+00,2.054966940898430572e+00,1.895439997441404012e+00,1.870229896147482807e+00,1.922651499547884280e+00,1.922975444421828772e+00,2.997984193785963924e+00,2.978023750613297160e+00,3.076349703146124437e+00,1.908020959815737383e+00,1.863916487409712275e+00,2.671320850054869744e+00,2.721664628636663696e+00,1.945006658192685034e+00,1.899642654506499051e+00,2.253056221628939149e+00,2.032598943255396140e+00
3.451474177160880341e-01,2.852686730701567974e-01,2.716486121398775100e-01,2.667044922136916907e-01,3.423855110148951164e-01,1.905948183226340298e+00,0.000000000000000000e+00,1.993120902668354955e-01,3.244432907256092347e-01,3.426017243150063507e-01,2.467553435675670648e-01,3.258786456548539157e-01,1.274381100194044991e-01,1.587266462274226630e-01,2.216866653973421641e-01,7.295861221719336653e-02,2.831136455522729634e+00,2.780579544824554272e+00,2.813996739220657517e+00,1.490532668137793670e-01,2.073815288137348112e-01,2.589199782575767550e+00,2.601248551055350244e+00,2.969624574568547892e-01,1.616080625568605822e-01,1.512421418497756687e+00,3.554514866284450014e-01
3.393398112716273785e-01,3.933028215607674571e-01,3.259868374339571773e-01,2.983548559943163259e-01,3.002014706017797629e-01,1.905977251967279074e+00,1.993120902668354955e-01,0.000000000000000000e+00,3.202649301612458532e-01,3.494854479338894704e-01,2.627276810719581523e-01,3.290032464564437986e-01,2.055018124699896920e-01,1.664832786521743546e-01,9.401477028221311150e-02,1.837969566554405187e-01,2.884099047308472663e+00,2.832883184667932763e+00,2.878553764886761623e+00,2.070165459277256703e-01,1.617600599925411720e-01,2.622229396347400598e+00,2.635734080910913324e+00,2.752978713968463054e-01,3.068091334760581490e-01,1.543352145894743455e+00,3.159989253055170977e-01
1.031386373290958808e-01,2.679930947443761036e-01,1.379271426617331153e-01,1.407483584148468969e-01,1.440305690647009085e-01,1.994825481207398887e+00,3.244432907256092347e-01,3.202649301612458532e-01,0.000000000000000000e+00,1.502288769517291789e-01,2.307756549543032720e-01,1.554567729045266966e-01,3.005473702647500356e-01,3.201471626413888716e-01,2.884485802517104958e-01,2.898120465699289272e-01,2.954435158321248700e+00,2.904169497208708872e+00,2.947061824592838608e+00,2.748420918393806311e-01,2.807291647793705436e-01,2.678421859198336641e+00,2.686935551406578693e+00,4.246805812571927130e-01,3.645530740027065342e-01,1.511442290362383867e+00,1.092666166824394491e-01
1.430563325650692219e-01,2.418061049884742408e-01,1.467826785004701651e-01,2.252142995745882448e-01,1.415796222194517506e-01,2.060363631902369264e+00,3.426017243150063507e-01,3.494854479338894704e-01,1.502288769517291789e-01,0.000000000000000000e+00,2.089265914096559984e-01,1.299261341172946727e-01,3.430240115280128177e-01,3.757413922494372005e-01,3.288702945237624298e-01,3.110413067005622367e-01,2.943051365383504869e+00,2.891456655218386018e+00,2.928280788270396950e+00,3.179467324493299163e-01,3.407071342452715479e-01,2.689720140817423388e+00,2.693557485904749083e+00,4.427923470073768519e-01,3.881292194809589646e-01,1.550507889143857287e+00,1.490011817946828576e-01
2.443272863435405617e-01,2.391457639148499570e-01,1.782541703781081732e-01,2.031624308881122276e-01,2.155035283591457129e-01,2.039257500282886770e+00,2.467553435675670648e-01,2.627276810719581523e-01,2.307756549543032720e-01,2.089265914096559984e-01,0.000000000000000000e+00,2.270537439202829633e-01,2.396547159827869811e-01,2.730182157873964899e-01,2.600763076722879541e-01,2.209583194399329931e-01,2.905808563224785424e+00,2.851803031277558187e+00,2.888886774269606494e+00,2.401072261281629594e-01,2.691411999590788140e-01,2.668970520635336907e+00,2.675477911203699932e+00,3.590435608447414828e-01,2.804180030032453197e-01,1.563676837787884910e+00,2.468497499656354677e-01
1.267708052600719504e-01,2.510696303601602231e-01,1.495004565032560240e-01,2.227349138368853732e-01,1.126557669501054293e-01,2.054966940898430572e+00,3.258786456548539157e-01,3.290032464564437986e-01,1.554567729045266966e-01,1.299261341172946727e-01,2.270537439202829633e-01,0.000000000000000000e+00,3.252201864515094076e-01,3.520646318986716539e-01,2.973431120954118656e-01,2.880951098689875089e-01,2.955383467498703176e+00,2.902225831578800097e+00,2.940036038399368667e+00,2.875510508070571181e-01,3.133385080801084910e-01,2.714750608628349049e+00,2.719894427219463395e+00,3.865813744797778617e-01,3.717217430672750123e-01,1.575871565091009785e+00,1.335263342685067134e-01
3.239140438375692210e-01,3.155554400261953996e-01,2.680200686786360365e-01,2.236473949720595988e-01,3.350945052431736904e-01,1.895439997441404012e+00,1.274381100194044991e-01,2.055018124699896920e-01,3.005473702647500356e-01,3.430240115280128177e-01,2.396547159827869811e-01,3.252201864515094076e-01,0.000000000000000000e+00,8.795461595805699473e-02,1.999497807554884155e-01,1.027118049568398195e-01,2.886657080983140222e+00,2.833576779632312803e+00,2.872983869257105916e+00,9.640377319126690325e-02,1.441303520760733869e-01,2.589017787156655093e+00,2.600294880336505354e+00,2.448684510118168955e-01,1.330480756956929633e-01,1.545196459197580863e+00,3.462973827083495881e-01
3.456077577558281932e-01,3.692591854740834845e-01,3.099465819010026602e-01,2.551645699245489451e-01,3.442749374955165753e-01,1.870229896147482807e+00,1.587266462274226630e-01,1.664832786521743546e-01,3.201471626413888716e-01,3.757413922494372005e-01,2.730182157873964899e-01,3.520646318986716539e-01,8.795461595805699473e-02,0.000000000000000000e+00,1.535065999920551816e-01,1.349528179522013760e-01,2.886346953955253536e+00,2.834694970610486919e+00,2.878695117484149968e+00,1.325037865127678127e-01,1.213009609870970007e-01,2.584887668361047997e+00,2.599425557713997303e+00,2.378950480867886574e-01,1.929806536652032556e-01,1.538957038495282426e+00,3.526008248933839573e-01
3.041234273715499037e-01,3.919739021588907746e-01,3.067581742850063464e-01,2.777792097993299070e-01,2.628728908235408723e-01,1.922651499547884280e+00,2.216866653973421641e-01,9.401477028221311150e-02,2.884485802517104958e-01,3.288702945237624298e-01,2.600763076722879541e-01,2.973431120954118656e-01,1.999497807554884155e-01,1.535065999920551816e-01,0.000000000000000000e+00,1.837845403264429800e-01,2.902909241199164381e+00,2.851169299782646327e+00,2.898117602035958473e+00,1.979351274107630509e-01,1.481042817020428726e-01,2.631658228012208944e+00,2.645893841435269955e+00,2.553142702161689259e-01,3.059778429617867612e-01,1.553810765163614604e+00,2.777084521417837459e-01
3.101889760607324797e-01,2.860981315576289763e-01,2.484834060230846076e-01,2.393188161531797087e-01,3.020873954261809047e-01,1.922975444421828772e+00,7.295861221719336653e-02,1.837969566554405187e-01,2.898120465699289272e-01,3.110413067005622367e-01,2.209583194399329931e-01,2.880951098689875089e-01,1.027118049568398195e-01,1.349528179522013760e-01,1.837845403264429800e-01,0.000000000000000000e+00,2.853715221143055203e+00,2.801653320681838810e+00,2.836722049135142143e+00,1.195320768116987092e-01,1.768727078418460830e-01,2.609165032007080942e+00,2.620504045329905995e+00,2.679657473720964411e-01,1.669322803771696173e-01,1.528397790734468797e+00,3.173474503823492388e-01
2.964835049825681690e+00,2.883747952820139293e+00,2.917499822874262794e+00,2.926916099881882172e+00,2.960108551234421626e+00,2.997984193785963924e+00,2.831136455522729634e+00,2.884099047308472663e+00,2.954435158321248700e+00,2.943051365383504869e+00,2.905808563224785424e+00,2.955383467498703176e+00,2.886657080983140222e+00,2.886346953955253536e+00,2.902909241199164381e+00,2.853715221143055203e+00,0.000000000000000000e+00,1.984388685375920169e-01,3.881177674467861660e-01,2.904799920457945106e+00,2.911442319294807568e+00,2.635233267619298214e+00,2.685649111960880298e+00,2.949877355703195203e+00,2.849426767675101502e+00,2.662839913966398075e+00,2.959494697320348866e+00
2.913385198322062664e+00,2.833054258990515439e+00,2.865014468029477346e+00,2.874819921694358626e+00,2.908569972555114180e+00,2.978023750613297160e+00,2.780579544824554272e+00,2.832883184667932763e+00,2.904169497208708872e+00,2.891456655218386018e+00,2.851803031277558187e+00,2.902225831578800097e+00,2.833576779632312803e+00,2.834694970610486919e+00,2.851169299782646327e+00,2.801653320681838810e+00,1.984388685375920169e-01,0.000000000000000000e+00,3.457538771712563852e-01,2.851939595092269908e+00,2.858632888995650490e+00,2.582994054966625708e+00,2.629666494828467371e+00,2.889329161764425891e+00,2.795023620750027860e+00,2.653747234352881179e+00,2.911996312249372387e+00
2.954916789385000797e+00,2.857158006900403890e+00,2.901036615620869785e+00,2.914171462041115213e+00,2.953055982871697793e+00,3.076349703146124437e+00,2.813996739220657517e+00,2.878553764886761623e+00,2.947061824592838608e+00,2.928280788270396950e+00,2.888886774269606494e+00,2.940036038399368667e+00,2.872983869257105916e+00,2.878695117484149968e+00,2.898117602035958473e+00,2.836722049135142143e+00,3.881177674467861660e-01,3.457538771712563852e-01,0.000000000000000000e+00,2.893085468483136413e+00,2.907297003423959136e+00,2.650227876721001241e+00,2.692180558281545899e+00,2.928128181258435880e+00,2.827434050938587795e+00,2.698753680172809144e+00,2.954461227674740176e+00
2.890990932480225761e-01,3.089711719291922121e-01,2.461462101918945600e-01,2.182403778342143497e-01,3.072996592617565081e-01,1.908020959815737383e+00,1.490532668137793670e-01,2.070165459277256703e-01,2.748420918393806311e-01,3.179467324493299163e-01,2.401072261281629594e-01,2.875510508070571181e-01,9.640377319126690325e-02,1.325037865127678127e-01,1.979351274107630509e-01,1.195320768116987092e-01,2.904799920457945106e+00,2.851939595092269908e+00,2.893085468483136413e+00,0.000000000000000000e+00,1.143366192940363929e-01,2.615402148466844157e+00,2.624825746457324804e+00,2.431647395002169698e-01,1.751558754686324826e-01,1.554179564799554214e+00,3.203673985805988722e-01
3.025007667967150038e-01,3.782928700672363864e-01,2.892828338497584473e-01,2.354329768662376532e-01,3.061957100810261401e-01,1.863916487409712275e+00,2.073815288137348112e-01,1.617600599925411720e-01,2.807291647793705436e-01,3.407071342452715479e-01,2.691411999590788140e-01,3.133385080801084910e-01,1.441303520760733869e-01,1.213009609870970007e-01,1.481042817020428726e-01,1.768727078418460830e-01,2.911442319294807568e+00,2.858632888995650490e+00,2.907297003423959136e+00,1.143366192940363929e-01,0.000000000000000000e+00,2.615418123023606878e+00,2.627576605788960684e+00,2.522769732207417182e-01,2.433442298044495300e-01,1.552132585913808871e+00,3.113181153214387153e-01
2.686218699787453534e+00,2.647807234231105866e+00,2.666210453427513283e+00,2.646257959311786756e+00,2.708952020537124916e+00,2.671320850054869744e+00,2.589199782575767550e+00,2.622229396347400598e+00,2.678421859198336641e+00,2.689720140817423388e+00,2.668970520635336907e+00,2.714750608628349049e+00,2.589017787156655093e+00,2.584887668361047997e+00,2.631658228012208944e+00,2.609165032007080942e+00,2.635233267619298214e+00,2.582994054966625708e+00,2.650227876721001241e+00,2.615402148466844157e+00,2.615418123023606878e+00,0.000000000000000000e+00,1.700529564858920539e-01,2.607072783223324031e+00,2.563553331120910439e+00,2.498458968636357191e+00,2.696355582325759670e+00
2.693413566102936141e+00,2.653442335078329606e+00,2.672967596545442248e+00,2.656020757789933295e+00,2.716686917139527147e+00,2.721664628636663696e+00,2.601248551055350244e+00,2.635734080910913324e+00,2.686935551406578693e+00,2.693557485904749083e+00,2.675477911203699932e+00,2.719894427219463395e+00,2.600294880336505354e+00,2.599425557713997303e+00,2.645893841435269955e+00,2.620504045329905995e+00,2.685649111960880298e+00,2.629666494828467371e+00,2.692180558281545899e+00,2.624825746457324804e+00,2.627576605788960684e+00,1.700529564858920539e-01,0.000000000000000000e+00,2.617786556351203942e+00,2.573938023252433371e+00,2.534148174593611191e+00,2.704530073038405202e+00
4.044655535086695286e-01,4.506929773785479099e-01,3.978726954525447224e-01,3.744952119517188649e-01,3.978342713269183428e-01,1.945006658192685034e+00,2.969624574568547892e-01,2.752978713968463054e-01,4.246805812571927130e-01,4.427923470073768519e-01,3.590435608447414828e-01,3.865813744797778617e-01,2.448684510118168955e-01,2.378950480867886574e-01,2.553142702161689259e-01,2.679657473720964411e-01,2.949877355703195203e+00,2.889329161764425891e+00,2.928128181258435880e+00,2.431647395002169698e-01,2.522769732207417182e-01,2.607072783223324031e+00,2.617786556351203942e+00,0.000000000000000000e+00,2.854392183667299743e-01,1.713491929669010538e+00,4.258058606689110737e-01
3.757231113440892556e-01,3.102288321259618065e-01,2.989043189990014948e-01,2.725453464946335225e-01,4.012735483219829757e-01,1.899642654506499051e+00,1.616080625568605822e-01,3.068091334760581490e-01,3.645530740027065342e-01,3.881292194809589646e-01,2.804180030032453197e-01,3.717217430672750123e-01,1.330480756956929633e-01,1.929806536652032556e-01,3.059778429617867612e-01,1.669322803771696173e-01,2.849426767675101502e+00,2.795023620750027860e+00,2.827434050938587795e+00,1.751558754686324826e-01,2.433442298044495300e-01,2.563553331120910439e+00,2.573938023252433371e+00,2.854392183667299743e-01,0.000000000000000000e+00,1.566186128177375458e+00,4.158218584098271053e-01
1.566428979469338678e+00,1.528671302809135657e+00,1.530878761598985616e+00,1.526429115831004379e+00,1.561184109216515070e+00,2.253056221628939149e+00,1.512421418497756687e+00,1.543352145894743455e+00,1.511442290362383867e+00,1.550507889143857287e+00,1.563676837787884910e+00,1.575871565091009785e+00,1.545196459197580863e+00,1.538957038495282426e+00,1.553810765163614604e+00,1.528397790734468797e+00,2.662839913966398075e+00,2.653747234352881179e+00,2.698753680172809144e+00,1.554179564799554214e+00,1.552132585913808871e+00,2.498458968636357191e+00,2.534148174593611191e+00,1.713491929669010538e+00,1.566186128177375458e+00,0.000000000000000000e+00,1.521832838786502329e+00
1.162350169037065922e-01,3.056522879573587703e-01,1.845997051460624427e-01,2.147897099159181700e-01,8.096289457073586882e-02,2.032598943255396140e+00,3.554514866284450014e-01,3.159989253055170977e-01,1.092666166824394491e-01,1.490011817946828576e-01,2.468497499656354677e-01,1.335263342685067134e-01,3.462973827083495881e-01,3.526008248933839573e-01,2.777084521417837459e-01,3.173474503823492388e-01,2.959494697320348866e+00,2.911996312249372387e+00,2.954461227674740176e+00,3.203673985805988722e-01,3.113181153214387153e-01,2.696355582325759670e+00,2.704530073038405202e+00,4.258058606689110737e-01,4.158218584098271053e-01,1.521832838786502329e+00,0.000000000000000000e+00
