3.997578049409191259e+00,3.999385800874030394e+00,3.999277612818359806e+00,3.978340213396852398e+00,2.828433462450969049e+00,2.828433462450969049e+00,3.968453000193330027e+00,3.778992276765237079e+00,3.801548101210796116e+00,3.653964919243519738e+00,3.960265889783172177e+00,3.998618140385494790e+00,3.980536137483140724e+00,3.927633571889178832e+00,3.571281960100454178e+00,3.975648958635839225e+00,2.030367562004200988e+00,3.888408093237425867e+00,3.980826534940546502e+00,3.955126377246730218e+00,3.991831949362524057e+00
4.393574599550413851e-01,6.245573897721328205e-01,5.897411759331752101e-01,4.810031517432356019e-01,3.978340213396852398e+00,3.978340213396852398e+00,3.932122422421943320e+00,3.994474471077973377e+00,3.998374751153472850e+00,3.998578945281178409e+00,3.988489665266210515e+00,3.978950677929144142e+00,4.505523566993385742e-01,3.987379713992969421e+00,4.000000000000000000e+00,3.920489955834479012e+00,3.988564336192823578e+00,3.999651253651892446e+00,3.986095855367868701e+00,3.999882906206431610e+00,3.999056491273861980e+00
3.999842088407632446e+00,3.999859146558429224e+00,3.999904472737619621e+00,3.987768208475834797e+00,3.656707541982937570e+00,3.656707541982937570e+00,3.993862024489250206e+00,3.995005592832540309e+00,3.999882906206431610e+00,3.994185571080887343e+00,3.988638764818904114e+00,3.994551986172313995e+00,3.996881528363962044e+00,3.968205503417732594e+00,3.996743640432300460e+00,3.999419914629513961e+00,3.998303642675357317e+00,3.882587826201575609e+00,3.630659906678134430e+00,3.972513560547882072e+00,3.838270678510468770e+00
3.999994851967814125e+00,3.999508702679364980e+00,3.999597156986599344e+00,3.995898541032219420e+00,3.785643550031712046e+00,3.785643550031712046e+00,3.933735915148066198e+00,3.997746741706354356e+00,3.999867310119183728e+00,3.926043257374087325e+00,3.994603359115547647e+00,3.992927178925477882e+00,3.987574718046706934e+00,3.998231012402089224e+00,3.989761417657576636e+00,3.998402768429907717e+00,3.999644704761617930e+00,3.999904472737619621e+00,3.999809891280164287e+00,3.996582404779970954e+00,3.924340914012237391e+00
3.999800143839506994e+00,3.998512402508797248e+00,3.998719981853858130e+00,3.992956479066706255e+00,3.901031463255567378e+00,3.901031463255567378e+00,3.486990159117812293e+00,7.386483851374276988e-01,6.643348890579068300e-01,3.984620700488448186e+00,3.951604817266616720e+00,3.989902033962600569e+00,3.955346693416664117e+00,3.989007273124941300e+00,3.976027619381790501e+00,3.995152419734814497e+00,3.995103720529405322e+00,3.996683633228056642e+00,3.468171037087042663e+00,4.995470422012946443e-01,3.921267641699554218e+00
3.938976298690110234e+00,3.926418974981102483e+00,3.927540493592719617e+00,3.977669084059158422e+00,3.678291071525666922e+00,3.678291071525666922e+00,3.997713490069387365e+00,3.565433588465141135e+00,3.515813329460426573e+00,3.976403330659177282e+00,3.668926703583878179e+00,3.999229946121359625e+00,3.861729278413235988e+00,3.996561976629743995e+00,3.999985256534996481e+00,3.193570403906184296e+00,3.296239802126261775e+00,3.837995543186842884e+00,2.664651500466740597e+00,3.653375929054710980e+00,2.949712779741189728e+00
3.962316038360339299e+00,3.937686114873562904e+00,3.938719324807258726e+00,3.983700056491217723e+00,3.864899950401231798e+00,3.864899950401231798e+00,3.997203989646484157e+00,3.999999725844328502e+00,3.998946238122017327e+00,3.981066873501075687e+00,3.999850739320903958e+00,3.957233638447895885e+00,3.871627351676981910e+00,3.994980908978087442e+00,3.999809891280164287e+00,3.998805896709945795e+00,3.993752231986553713e+00,3.851609250101462045e+00,3.918035562618383594e+00,3.813352491801517807e+00,3.210865814762002834e+00
3.951222450627230209e+00,3.939913987752594604e+00,3.940928766303074759e+00,3.984835972324782816e+00,2.636264207974599039e+00,2.636264207974599039e+00,3.999979407897758854e+00,3.955566473517212245e+00,3.977145902569478864e+00,3.935154109258362176e+00,3.763595645499376641e+00,3.977617036978573495e+00,3.827090915285201955e+00,3.917540300471745063e+00,3.999436606073409450e+00,2.797178011350795135e+00,2.866374444677938449e+00,3.904897987990177732e+00,3.776753925022075631e+00,3.984097881985808165e+00,2.524378357281728658e+00
3.959150499198687889e+00,3.948740129570470270e+00,3.949678127590777521e+00,3.989116644189431238e+00,2.607068413773887983e+00,2.607068413773887983e+00,3.999999238456498851e+00,3.961774590016756470e+00,3.981543024434445854e+00,3.884114905574593379e+00,3.838682961508490532e+00,3.976510134920718365e+00,3.842099039128179072e+00,3.908585012892654476e+00,3.996031508428925072e+00,2.768912894771199174e+00,2.838587277999206293e+00,3.950530446301978138e+00,3.762441925950187560e+00,3.979998101467171256e+00,2.494674495936335390e+00
3.940928766303074759e+00,3.928561124837629315e+00,3.929666433482613463e+00,3.978849536591211766e+00,3.854498443258371321e+00,3.854498443258371321e+00,3.996683633228056642e+00,3.835924892039858314e+00,3.712894673151186709e+00,3.864899950401231798e+00,3.475261947870185608e+00,3.997595192471144365e+00,3.861346414697775842e+00,3.908480657032553651e+00,3.901897182151478294e+00,3.410506317723235536e+00,3.562169463756926557e+00,3.992450120985871820e+00,3.958869264046252834e+00,3.749239414278791482e+00,1.794067712773757650e+00
3.952742998633890004e+00,3.941600555685990770e+00,3.942601142010039972e+00,3.985681942658644950e+00,2.351420743681589265e+00,2.351420743681589265e+00,3.988414752048163869e+00,3.820356558010407522e+00,3.692758246962430935e+00,3.859938215985498022e+00,2.866059817050228720e+00,3.997828805830190291e+00,3.829919335699649707e+00,3.896647310412398646e+00,3.913424103117661090e+00,3.312908208106872809e+00,2.804215167608091086e+00,3.988749953424695960e+00,3.989007273124941300e+00,3.795901556426076962e+00,7.085514729894550889e-01
3.940675869666883990e+00,3.965095853611493304e+00,3.976242672735783579e+00,3.978697372494147899e+00,3.052427847303739838e+00,3.052427847303739838e+00,3.977408246255518254e+00,3.970398425960804278e+00,3.906592313444315234e+00,3.968081395292581526e+00,3.669887855122583531e+00,3.999985256534996481e+00,3.844806653267820451e+00,3.996663509180904850e+00,3.793899843622059898e+00,3.650818402382505212e+00,3.255110968856907760e+00,3.977928415781760485e+00,3.015678194698417691e+00,3.927260906417245678e+00,2.951248418140549390e+00
3.951833523877494869e+00,3.940591452551992724e+00,3.941600555685990770e+00,3.985177263194164876e+00,3.643691708570379273e+00,3.643691708570379273e+00,3.972513560547882072e+00,3.963453912480242813e+00,3.894644270165228406e+00,1.641021894355076949e+00,2.975414596130723233e+00,3.999863258798465715e+00,3.828224956890157848e+00,3.992389396183491090e+00,3.724673955114607971e+00,3.628838924203658944e+00,3.952742998633890004e+00,3.983252287646990020e+00,3.042317193243688322e+00,3.916645148930266274e+00,3.246394707938900837e+00
3.849623691188829966e+00,3.910039888914373485e+00,3.928468633859227843e+00,3.836616507927429254e+00,3.960955246745888836e+00,3.960955246745888836e+00,3.926700147034569710e+00,3.981305703393001494e+00,3.937599630318703969e+00,3.992205765206466417e+00,3.998444337782284030e+00,6.755443897904971351e-01,3.918332018810050776e+00,3.998934877898600693e+00,3.960680220652786243e+00,3.889783574936679145e+00,3.975212592628687425e+00,3.999268201280764323e+00,3.846554550476297685e+00,3.998416685756093436e+00,3.993388695618606210e+00
3.999453053892019661e+00,3.996822798495101914e+00,3.997054433168509835e+00,3.995626040144614421e+00,3.972973018199694284e+00,3.972973018199694284e+00,3.999341788324302538e+00,3.964639879952789325e+00,3.933200204033814540e+00,3.917341786710631268e+00,3.999045739979555592e+00,3.986013556785334977e+00,3.997713490069387365e+00,3.966827127289549004e+00,3.979001158175452524e+00,3.999920769532240961e+00,3.997578049409191259e+00,3.960127301765928642e+00,3.999941026357356044e+00,3.999664168693661814e+00,3.994980908978087442e+00
3.996602772110819934e+00,3.999968807257296532e+00,3.999941026357356044e+00,3.996248256478549088e+00,3.986177911950646635e+00,3.986177911950646635e+00,3.994831529695352934e+00,3.946438018416190907e+00,3.966573397374607790e+00,3.968453000193330027e+00,3.982935254782538514e+00,3.938461819413508813e+00,3.999323756978486522e+00,3.990318063481430144e+00,3.989761417657576636e+00,3.996862012568705325e+00,3.999220230080708482e+00,3.999926861803279721e+00,3.999210453140327637e+00,3.995439509592981331e+00,3.988377204582704394e+00
3.988638764818903670e+00,3.976510134920717920e+00,3.986544171558784377e+00,3.998512402508797248e+00,3.987921910910359191e+00,3.987921910910359191e+00,3.991319937404883778e+00,3.982245932654327802e+00,3.994603359115547647e+00,3.980584687894443086e+00,3.976934943519538024e+00,3.974048812794908514e+00,3.999493107564841665e+00,3.938976298690109790e+00,3.985092303282644188e+00,3.991222206257952543e+00,3.996900983330728963e+00,2.146710043341002461e-01,3.984009899359429951e+00,3.958516377534043507e+00,3.982106437744861172e+00
3.999747751617290348e+00,3.993696971332861168e+00,3.999997532599406824e+00,3.998156860388979883e+00,3.994781250464647382e+00,3.994781250464647382e+00,3.981495680942887194e+00,3.621310487749279439e+00,3.763760247729192265e+00,3.946758516920897186e+00,3.998744833383713448e+00,3.994105504453840716e+00,3.990076440478596886e+00,3.993585721254452992e+00,3.997713490069387365e+00,3.960955246745888836e+00,3.986463204098209978e+00,3.935506300290283477e+00,3.950066436234823009e+00,3.728373990495546408e+00,3.988638764818904114e+00
3.993303345211812516e+00,3.988712951135382934e+00,3.989152980028491058e+00,3.999736542177998011e+00,3.936382650373346781e+00,3.936382650373346781e+00,3.989796662653912307e+00,3.887255530571205764e+00,3.781378723843013656e+00,3.995054778226659220e+00,3.999948794030239618e+00,3.999045739979555592e+00,3.999229946121359625e+00,3.945874863389407849e+00,3.985304249518542008e+00,3.980194595430817994e+00,3.999769439504945012e+00,3.999730846085078895e+00,3.973371888415736297e+00,3.820356558010407522e+00,3.999394420670716599e+00
3.991737130157047453e+00,3.941600555685990770e+00,3.953643907704129656e+00,3.981353288315129024e+00,3.819488026553679028e+00,3.819488026553679028e+00,3.995943106699201053e+00,3.429677849092238162e+00,3.372144703512645059e+00,3.995943106699201053e+00,3.990318063481430144e+00,3.994078694089218118e+00,3.991863434416289547e+00,3.999707452562315524e+00,3.990283727786876788e+00,3.839368979593078102e+00,3.945146539263926222e+00,3.879743146589940128e+00,2.945716738024644954e+00,3.657489332412326100e+00,3.972743770119462337e+00
3.999469258083339973e+00,3.997746741706354356e+00,3.997941139581429493e+00,3.999268201280764323e+00,3.773537881182438269e+00,3.773537881182438269e+00,3.790335735088607549e+00,3.951909640505050447e+00,3.932752158642658813e+00,3.971171202222676833e+00,3.954313965896585792e+00,3.999368378566599880e+00,3.986745531200792669e+00,3.935154109258362176e+00,3.934446897854821046e+00,3.684528558407187404e+00,3.975047962551364833e+00,3.898741322319549063e+00,3.999999969538258426e+00,3.998458072481446024e+00,3.998003991370276289e+00
3.970398425960804278e+00,3.999972584494853489e+00,3.997473913212035157e+00,3.999962684482114117e+00,3.970158607724108890e+00,3.970158607724108890e+00,3.953119418609601254e+00,3.794978837186942844e+00,3.835924892039858758e+00,3.926887301621759807e+00,3.956873893299466260e+00,3.999664168693661814e+00,3.992113130443566860e+00,3.896425674427089092e+00,3.948504294258906810e+00,3.971583109599131411e+00,3.965548894118662737e+00,3.999951261410789272e+00,3.926512757684810673e+00,3.999546624562531960e+00,3.978544665925976886e+00
3.558457180131790132e+00,3.652196588991527548e+00,3.677911250602248661e+00,3.629851077594384634e+00,3.984229402628955530e+00,3.984229402628955530e+00,3.990041680413546565e+00,3.988527031016515956e+00,3.988712951135382934e+00,3.999742177355459560e+00,3.891831252768795935e+00,3.987496898051874794e+00,3.638704420651706961e+00,3.991768797231940447e+00,3.998081186692499234e+00,3.960057918192912751e+00,3.992720378162161410e+00,3.995103720529405322e+00,3.990214874516289090e+00,3.998946238122017327e+00,3.999917632015069557e+00
3.916545395685680830e+00,3.959849409241659401e+00,3.971875527453962995e+00,3.955493273050683989e+00,3.999150512620503140e+00,3.999150512620503140e+00,3.996500327269028041e+00,3.570417733284572570e+00,3.622331802019466807e+00,3.997421023678078722e+00,3.976456762893105790e+00,3.954610221808837700e+00,3.834120148770248093e+00,3.624167053783613035e+00,3.927726591466561779e+00,3.985177263194164876e+00,3.985261981217858018e+00,3.999220230080708482e+00,3.999986566386826148e+00,3.890923477672369568e+00,5.924664397842183128e-01
3.898741322319549063e+00,3.947157805746320580e+00,3.961092401396137497e+00,3.949755908110242686e+00,3.996520937873647483e+00,3.996520937873647483e+00,3.936818613622007135e+00,3.781220007037754627e+00,3.805921264856962694e+00,3.964574501457377664e+00,3.792663429494986360e+00,3.990454799963662147e+00,3.866534672046364918e+00,3.724143486153915994e+00,3.999935543300198404e+00,3.933021162524195979e+00,3.987222621040016790e+00,3.961160889114870187e+00,3.994831529695352934e+00,3.994603359115547647e+00,1.440006859844949805e+00
3.976563446740389196e+00,3.968514724485668665e+00,3.969250738235593268e+00,3.996958983254175202e+00,3.961229317093226232e+00,3.961229317093226232e+00,3.887371045596738739e+00,3.850021817577183647e+00,3.825097772730522205e+00,3.738127105773111136e+00,3.955931582255904466e+00,3.942849957324333410e+00,3.944984037616822370e+00,3.780743531086940834e+00,3.943428454882644374e+00,3.502758628164529764e+00,3.980681607719391835e+00,3.997746741706353912e+00,3.998216303736864319e+00,3.914336059233416432e+00,1.979405478795621232e+00
3.998374751153472850e+00,3.978493643194683127e+00,3.987024892836986911e+00,3.915343803879212992e+00,3.991800403634087502e+00,3.991800403634087502e+00,3.999828655148014001e+00,3.969372567465546009e+00,3.982523292103273160e+00,3.838682961508490532e+00,3.999624692615637578e+00,3.993473499526583481e+00,3.958232994434636609e+00,3.994956164353041128e+00,3.965095853611493304e+00,3.977617036978573495e+00,3.946678481241106429e+00,3.991156748877859428e+00,3.990318063481430144e+00,3.925666601036986059e+00,3.995320952476819620e+00
