2.890081736058873751e+00,3.008857842649424352e+00,2.951252823230082978e+00,2.938531897275187266e+00,1.016327994381285293e+01,1.964206053617156611e+00,8.799246419263457852e-01,1.086602974489726758e+00,1.302273006611666561e+00,1.151038927906397280e+00,1.688953338963237405e+00,1.995724638313165489e+00,2.003235821924055582e+00,2.006035519362468378e+00,2.006705249698490512e+00,2.059454779461656670e+00,2.027767188626631079e+00,1.183297400309552661e+00,1.276247913534493295e+00,1.990389502472195371e+00,1.970442997651702832e+00,1.992041010239149035e+00
3.177972523230190860e-01,6.870805587928446867e-01,6.677026274303886622e-01,6.344270008365719971e-01,1.077187729479414280e+01,1.645098663084481494e+00,2.376792231484592399e+00,2.338970448040210037e+00,2.673195763454707663e+00,2.592798081332976512e+00,2.142207097048057562e+00,2.315355651263883097e+00,2.334349229458446473e+00,2.325885899258523182e+00,2.349432706334756649e+00,2.342643476588902818e+00,2.379342776682291216e+00,2.450007504821493320e+00,2.621434833375097195e+00,2.306665328343321164e+00,2.351440223733840984e+00,2.349659602895960209e+00
1.192718583552973888e+00,1.455151037655169288e+00,1.306874344112718855e+00,1.330823736942465807e+00,1.041621247382198412e+01,1.527540735678664330e+00,2.016236914670878289e+00,2.055600039828437975e+00,2.359787759612347102e+00,2.261185288312537622e+00,1.923448864107625278e+00,2.141985940945859035e+00,2.155207838227731543e+00,2.144409954483275094e+00,2.163452392950045766e+00,2.155778031595272815e+00,2.184768715495981617e+00,2.203849511023002528e+00,2.368996813152419278e+00,2.118368572459230492e+00,2.153644369571531048e+00,2.157332659936209485e+00
1.564213766582210896e+00,1.804874691193109948e+00,1.541535380504029495e+00,1.602895414632799609e+00,1.019274991741219161e+01,1.328757819711637422e+00,1.708992326990428134e+00,1.734066910056664135e+00,2.063561253179507560e+00,1.863768315983197033e+00,1.641570046126302529e+00,1.965048079739647680e+00,1.983418572087455312e+00,1.986387298812849700e+00,1.987917164141719928e+00,1.973066653626612821e+00,2.004442764055027304e+00,1.906163072949176751e+00,2.039971393870825711e+00,1.953228757009652705e+00,1.976604898472974714e+00,1.982912380627753768e+00
2.717341003118265874e+00,2.844269086810105929e+00,2.771769105077620310e+00,2.765378606995225752e+00,1.010251484900735264e+01,1.441164156631031368e+00,5.861125176032708772e-01,5.951835743026471226e-01,4.628453292897003468e-01,3.811941387338337317e-01,1.027348449464209779e+00,1.240826995317622750e+00,1.249105180894434008e+00,1.265217750866444391e+00,1.249552408191655584e+00,1.296200128550523800e+00,1.276849120144351035e+00,4.341566710349594738e-01,4.406940318202286488e-01,1.247043307616159558e+00,1.223933469912093397e+00,1.250331262563565193e+00
2.711019817058947456e+00,2.841321306319838147e+00,2.768342660256263521e+00,2.765974723126701118e+00,1.005619282632131295e+01,1.418737029970011720e+00,5.638841975956009334e-01,4.486980903907066276e-01,5.489959188789056421e-01,3.529068990674574247e-01,1.071594306071049552e+00,1.324206866995909060e+00,1.332019884167281010e+00,1.351768742519769528e+00,1.329291919359357532e+00,1.370245603279085067e+00,1.359399729536646229e+00,4.782364790112348940e-01,4.621286680010466830e-01,1.337653413334456420e+00,1.311163494285843667e+00,1.332477394184217623e+00
2.751951219004396876e+00,2.894935816446999599e+00,2.788973424862166262e+00,2.790480138557972722e+00,1.001255887094018426e+01,1.476074784077174185e+00,5.306800702277697512e-01,5.644380244046814932e-01,7.088941616535240353e-01,3.119044111904882288e-01,1.170468261702352519e+00,1.465829990260982152e+00,1.475187600053899262e+00,1.493129333132128478e+00,1.472147967707208016e+00,1.517024701515214069e+00,1.496242824527677318e+00,6.876290156946359700e-01,6.961295010583365972e-01,1.476302028065418659e+00,1.446622347760816218e+00,1.470937439185279638e+00
2.713630240392652659e+00,2.846188013660805982e+00,2.750896741137625945e+00,2.754240408028995279e+00,1.005188869360349280e+01,1.541886812249109173e+00,3.759312986399904188e-01,5.063893550230805785e-01,8.228912872714516658e-01,5.652714377736876017e-01,1.200814642159575341e+00,1.584072049462647902e+00,1.591951439965123782e+00,1.615843799761115696e+00,1.595329698550245201e+00,1.655463841832919947e+00,1.618291211010562503e+00,7.683395996031301411e-01,8.569598158603766169e-01,1.599606990230212578e+00,1.559535456717569213e+00,1.588114479867799522e+00
2.717440059390343610e+00,2.854569529667657424e+00,2.752868716622620227e+00,2.759661176450357800e+00,9.920632304067115825e+00,1.416118833792602061e+00,4.602877029193488401e-01,3.968542093553342753e-01,6.051580062356133327e-01,2.273289442976445252e-01,1.057620287157132521e+00,1.361348703412209593e+00,1.369175016703173542e+00,1.393563370119565548e+00,1.368367236542503917e+00,1.430436902027619306e+00,1.388480601168693873e+00,6.032444366233321587e-01,6.201582767360225290e-01,1.386259534852900766e+00,1.339442735277377006e+00,1.363568469727102217e+00
9.828933852347777389e+00,1.007355809396690027e+01,9.561700525709815324e+00,9.782318024424967007e+00,1.343375101946748362e+00,9.115061464393670931e+00,8.906683731671886761e+00,9.017929866772709246e+00,8.794507572571099274e+00,8.863833570917082127e+00,8.880594272374674247e+00,8.767732218493463847e+00,8.754496263862609595e+00,8.771204658917712393e+00,8.755372931850548213e+00,8.789754891708591700e+00,8.695325661209716728e+00,8.977452326164405250e+00,8.957534068329657373e+00,8.796131416545311055e+00,8.750061325584946204e+00,8.741697023215980522e+00
9.887431500467261714e+00,1.013020347980817704e+01,9.618182785961527870e+00,9.835470538458778833e+00,1.363485384780821486e+00,9.155091994729826155e+00,8.943555367815838153e+00,9.055217754821779153e+00,8.825578080246122781e+00,8.897853029440790706e+00,8.914393149998904420e+00,8.793631046433223020e+00,8.780686691878061723e+00,8.797569089421124033e+00,8.781626483996406662e+00,8.817773994851753727e+00,8.721068881724226785e+00,9.013226715149514234e+00,8.992403002956335101e+00,8.822314413353954166e+00,8.775820464262219289e+00,8.767290742463753617e+00
1.022510682072281796e+01,1.049043033463209440e+01,9.999243135420300632e+00,1.022375403090151558e+01,1.296195459383550075e+00,9.562905542242679857e+00,9.333308740380831026e+00,9.431748816745889386e+00,9.230809725159074830e+00,9.277111143339039856e+00,9.358096740757439136e+00,9.239803920396784775e+00,9.224069521293399632e+00,9.242096313923662265e+00,9.222032295402783575e+00,9.254703967325834668e+00,9.165104261152103859e+00,9.428177008824960126e+00,9.413561519146703915e+00,9.262426075758673605e+00,9.213873791864301666e+00,9.207149746002423640e+00
2.665370407557805521e+00,2.774069270858073200e+00,2.692860602101615264e+00,2.706176270500324055e+00,9.943436678704120624e+00,1.355909644106928491e+00,1.131962003097139569e+00,1.077391609971168895e+00,9.302980357651577936e-01,1.093282872310981535e+00,7.813177460861369106e-01,9.516564922546032479e-01,9.468769967338231952e-01,9.933489212044099848e-01,9.683882130048522274e-01,1.095610643587642929e+00,9.740482465614760388e-01,9.729700156920828569e-01,1.002700734958092088e+00,1.022249070508333357e+00,9.169774323435158081e-01,9.525098848205446611e-01
2.540883230151262939e+00,2.674265901605110241e+00,2.587889703714458811e+00,2.595414144878434914e+00,9.962869374548500190e+00,1.162812246411282224e+00,1.021024173622266717e+00,9.637634468872217086e-01,7.969878995615785611e-01,9.611845861830183857e-01,6.129706501305325350e-01,7.040699013881004387e-01,7.031601367224388222e-01,7.414530282091147395e-01,7.236003173451019954e-01,8.425852542269633982e-01,7.404885371555406381e-01,8.043775609708504470e-01,8.412237849692614233e-01,7.531521044400562026e-01,6.706743157519691190e-01,7.068622450348144293e-01
2.523985528635413367e+00,2.655515142777941318e+00,2.561853280683827006e+00,2.574258760595738327e+00,9.963934904408842996e+00,1.121052757869503091e+00,1.102261963749739060e+00,1.040106972639832206e+00,9.324152702925446734e-01,1.056988783925727260e+00,6.075858480525014871e-01,7.160494699090881321e-01,7.137660256238520518e-01,7.491965758987282342e-01,7.388693268735135877e-01,8.673025518854179383e-01,7.553828509154906223e-01,9.249435046702393359e-01,9.638779783562786418e-01,7.672373085401718029e-01,6.825750553515722574e-01,7.224661087218194888e-01
2.809310676886812796e+00,2.902964415580524538e+00,2.961554433959537658e+00,2.978224708687805755e+00,1.237028622416456791e+01,2.901586943839185473e+00,3.250556631371275706e+00,3.197586610355723558e+00,3.576346857763491816e+00,3.378857909040695606e+00,3.310441858166057294e+00,3.552889233577714911e+00,3.559828442500995394e+00,3.542883004876021147e+00,3.548356155996905681e+00,3.488806722930418935e+00,3.590807721251288331e+00,3.270089328999711498e+00,3.301953127100518248e+00,3.524956838317717889e+00,3.570225274633236801e+00,3.565266242483727144e+00
2.674364740634777249e+00,2.716579930455698566e+00,2.828822940251814799e+00,2.784265490774922025e+00,1.190869713546333841e+01,2.712918630427502809e+00,3.015722612504283529e+00,2.945212014235512044e+00,3.372225527593287087e+00,3.126808050357572366e+00,3.060206378301875141e+00,3.348737283217132710e+00,3.361146539618737883e+00,3.353503301824086957e+00,3.349401338899264058e+00,3.310968776889395393e+00,3.394428235514959091e+00,3.105207708171656478e+00,3.132360309998459602e+00,3.336696708104438969e+00,3.364368601148107984e+00,3.364400348864289292e+00
3.090136951757192829e+00,3.157651281732158033e+00,3.304949137594001662e+00,3.255253678069592649e+00,1.212799307988891151e+01,3.020637418159833665e+00,3.238739754275241634e+00,3.180388752109188921e+00,3.494418280145901168e+00,3.339295268986153253e+00,3.335429359108489145e+00,3.515673466101110645e+00,3.519852781974103451e+00,3.504453459686228012e+00,3.506309090817337992e+00,3.456652374483270673e+00,3.557202063903244227e+00,3.263438781291891910e+00,3.280528349462568549e+00,3.485138904899208967e+00,3.530421156934222537e+00,3.527981395969370659e+00
2.442193915907229229e+00,2.641697231400702339e+00,2.517571969390990816e+00,2.532545158684031517e+00,9.945169811918276537e+00,1.024588076464293174e+00,1.422797103185227563e+00,1.347512986681467018e+00,1.160133541411539904e+00,1.318253124335363013e+00,8.187439954697669497e-01,3.248056462767506120e-02,3.491138244085510711e-02,7.827266506606267438e-02,6.929912395763032640e-02,2.296485124961962776e-01,1.290523106152739186e-01,1.141294935831312252e+00,1.149072069548927821e+00,1.487341225989927407e-01,1.032744693550166071e-01,1.011052291402139286e-01
2.429115448853982340e+00,2.631232718730364795e+00,2.510970839330723514e+00,2.523030534647940026e+00,9.964940984678484881e+00,1.010256207234420556e+00,1.421890677900130351e+00,1.353543412004523550e+00,1.172106097005181091e+00,1.325530581135559327e+00,8.261751936897736570e-01,8.384789144490557844e-02,9.072734832948924077e-02,5.232781409612349138e-02,1.027765249225718186e-01,2.233789577352323086e-01,1.569137185596042317e-01,1.146204119713614578e+00,1.156404021031221419e+00,1.183059014491927574e-01,1.260032625513936022e-01,1.242617172927618918e-01
2.461672137372087565e+00,2.670543495039713111e+00,2.540836313241137123e+00,2.558989376318860920e+00,9.919425217373555981e+00,1.042634260282152558e+00,1.452984710812449176e+00,1.374548794668143170e+00,1.182639968362851901e+00,1.343608937510921919e+00,8.703077388064754949e-01,1.244960849895176830e-01,1.106361416281537308e-01,1.086322650943641333e-01,8.117950549530664195e-02,1.681425836295005194e-01,1.239371412524996052e-01,1.169491034194090728e+00,1.170054025462333280e+00,1.636183266455475405e-01,1.505694688333858444e-01,1.313761570296074488e-01
2.496822722344866019e+00,2.703316565985681486e+00,2.569035082217077992e+00,2.592240595259424740e+00,9.875899261863132494e+00,1.089118853168704826e+00,1.447748718767055465e+00,1.366686920077969880e+00,1.152510188092858767e+00,1.332883053485259151e+00,8.763978555310962815e-01,1.815240957906142372e-01,1.644352810346400018e-01,1.952564445163486595e-01,1.452798978574818822e-01,2.052006128637092475e-01,1.496874607978084526e-01,1.156374125648459206e+00,1.150628316316067989e+00,2.227405589251113260e-01,1.934358272264468936e-01,1.728500969603743442e-01
2.482691452311702740e+00,2.687700752034908547e+00,2.559585961298023182e+00,2.579289213934934821e+00,9.915025933289962623e+00,1.071721840640020629e+00,1.452232825284226925e+00,1.380188300029348447e+00,1.170885507545633475e+00,1.343735229056148395e+00,8.684956761517720336e-01,1.133299180423735092e-01,9.397121992185747397e-02,1.067897229426433836e-01,7.980083804058743513e-02,1.776583372679581829e-01,1.068801615748555534e-01,1.169495672119274188e+00,1.169283022176285103e+00,1.605441582814190749e-01,1.229059305257207135e-01,1.063256991570059595e-01
2.463580162817506025e+00,2.668381755356938889e+00,2.544738622407431095e+00,2.563064326973020002e+00,9.939464446901096650e+00,1.052849984411788453e+00,1.433551507062400310e+00,1.360459870396756976e+00,1.162310927407475214e+00,1.327474681734938988e+00,8.588606595699417312e-01,1.322973160651322033e-01,1.210228189259636711e-01,1.121537977855595891e-01,9.293624746540661563e-02,1.490943829809443510e-01,1.436718508029106167e-01,1.147917960847562480e+00,1.149202468310691838e+00,1.529441580618980945e-01,1.403843025116981447e-01,1.262363151177392229e-01
2.477355637487246742e+00,2.685305830801725246e+00,2.552378506361054455e+00,2.573307877630453877e+00,9.867279124797278200e+00,1.082887551705331353e+00,1.477950558843351914e+00,1.398180676964428049e+00,1.205294251188834265e+00,1.369705932409609028e+00,8.786978241365304143e-01,1.663513715453859843e-01,1.476723122312268432e-01,1.790548153338401838e-01,1.250444273675161144e-01,2.251908694752874085e-01,1.059125903756683446e-01,1.213991657482938136e+00,1.216712177200562239e+00,2.376578728584693712e-01,1.457667383206042444e-01,1.222523628756872621e-01
2.428000892010545364e+00,2.630751621047545452e+00,2.506272458097145606e+00,2.521761689128088513e+00,9.950537232890720674e+00,1.014146873596515119e+00,1.441445781713579732e+00,1.368107731249668335e+00,1.188619036194284551e+00,1.341750498140945158e+00,8.305966182822688282e-01,1.175997912129649881e-01,1.187959712226303033e-01,1.083424913527463312e-01,1.028018309324392754e-01,1.680657195587581532e-01,1.421717116215244214e-01,1.168085507071744633e+00,1.176034741624840674e+00,1.432076625864686092e-01,1.384227152996004018e-01,1.281594695268443995e-01
2.492712557499886739e+00,2.698727420855547621e+00,2.566503049746466036e+00,2.585457472027077319e+00,9.898894554611656460e+00,1.078879327458858395e+00,1.458194544409525228e+00,1.385815780438261147e+00,1.172560529468190671e+00,1.346734702111744619e+00,8.661024505216758929e-01,1.623289046599739605e-01,1.428872767452938342e-01,1.510117325772038499e-01,1.212632930488634492e-01,1.866197786629181510e-01,1.070081633708064445e-01,1.171912637741938434e+00,1.169760563958623933e+00,1.631598904537260863e-01,1.557925681055554457e-01,1.402469029050615046e-01
2.484329894993948962e+00,2.689766925797159924e+00,2.565605050124410091e+00,2.580468147594209505e+00,9.927915161335917560e+00,1.058503882615902114e+00,1.411350790433594460e+00,1.338754951118838132e+00,1.137597861639124242e+00,1.302362895200130932e+00,8.459431085305505471e-01,9.781563150554484221e-02,8.323849432211440080e-02,9.224129194450243763e-02,5.239695755572165020e-02,1.892992456549845437e-01,1.093027480785439681e-01,1.128964749308801307e+00,1.129405191901425853e+00,1.454198686726312639e-01,9.411873424427810719e-02,8.111836046647334653e-02
2.576237768063665445e+00,2.754372155569125624e+00,2.593329154193455999e+00,2.618719398483614569e+00,9.916116223699381393e+00,1.282341933743582851e+00,8.684729250902630815e-01,1.009546547593580534e+00,8.724688295409227523e-01,8.776317256294343672e-01,8.778739461717305348e-01,1.123083123990396670e+00,1.127313407547774649e+00,1.143907709140313367e+00,1.133051669424897767e+00,1.188774228335468974e+00,1.142252035966153656e+00,9.197116619724972075e-01,9.893592714660780496e-01,1.119111758087839137e+00,1.084005819572508411e+00,1.118605027848635691e+00
2.633728049267805460e+00,2.756126861243610282e+00,2.685563210177592364e+00,2.689447451428292890e+00,9.953546200737445560e+00,1.284962833772493207e+00,1.200274074568054683e+00,1.085336587530392194e+00,9.305589902792277268e-01,1.108448931514361524e+00,7.967263251343071895e-01,7.522475817924518804e-01,7.482156986336384596e-01,7.969806825457786958e-01,7.615336657901441431e-01,8.728667890612378244e-01,7.752296030731324894e-01,9.429543772995088169e-01,9.423716806337344432e-01,8.252904712953832433e-01,7.272401336388810700e-01,7.502082694478331426e-01
2.308085894032580576e+00,2.525868759267628771e+00,2.346898113599146907e+00,2.394648936430465280e+00,9.854443751197111467e+00,1.019780154190828458e+00,1.238236435521500312e+00,1.184058170668096377e+00,1.127794398001070730e+00,1.171623559043923679e+00,9.002448106641076642e-01,8.416586848783818020e-01,8.498338074057822933e-01,8.642846054837929337e-01,8.403347265808749356e-01,8.062357036298917201e-01,8.494595450344030185e-01,1.135199458959798680e+00,1.181507752569450398e+00,8.273274521847926444e-01,8.395555933368147317e-01,8.446128107116955830e-01
2.541138912086472246e+00,2.658674233401265408e+00,2.605606098358120182e+00,2.599349813593810232e+00,1.008448162844057450e+01,1.306899154928782059e+00,7.173614772965156705e-01,5.939790886078395449e-01,5.594862896481150871e-01,6.437687380387613345e-01,9.398845546422950337e-01,1.106952816830355957e+00,1.111295247052519697e+00,1.132343642449429755e+00,1.112218838427317946e+00,1.160762127739186411e+00,1.147840123933376422e+00,2.775618541789900418e-01,3.579263930651532810e-01,1.120996770086748251e+00,1.101885159900581890e+00,1.120614617337383212e+00
2.611197651675748244e+00,2.731319529610779728e+00,2.677928469556556834e+00,2.666414447618698169e+00,1.012829724535827580e+01,1.361161297026486583e+00,6.448025681452805857e-01,5.392309008732327769e-01,5.526212974239652631e-01,5.436103926586579593e-01,9.999051645132776001e-01,1.205577777671410500e+00,1.211515178095712741e+00,1.231256239047436196e+00,1.211990341749201949e+00,1.264477056136007915e+00,1.248997763339285694e+00,2.511503011595362933e-01,2.997666126639584316e-01,1.218116840317604366e+00,1.197962945237679877e+00,1.219465388120838378e+00
2.602206588607303583e+00,2.738477408747239217e+00,2.668714650833476032e+00,2.667439487847040880e+00,1.009980068198961867e+01,1.354719015104670854e+00,5.711212955203593955e-01,5.809141357714047160e-01,4.423380106961581348e-01,5.517985641149024678e-01,9.439562060696227164e-01,1.159726458228947932e+00,1.162786924167542590e+00,1.180249011064570475e+00,1.162435944135740362e+00,1.202996482425408020e+00,1.194004564953868197e+00,2.222001272548822792e-01,3.291112292763210823e-01,1.160953953910044190e+00,1.140413290782350542e+00,1.163770190923231196e+00
2.432731855424166589e+00,2.641314896067485041e+00,2.515077614316579613e+00,2.528945061801531224e+00,9.936293810691328332e+00,1.013305421421806463e+00,1.411861075999247594e+00,1.347080184991054086e+00,1.166409577699016431e+00,1.315574587039568533e+00,8.297605378210765048e-01,1.318684926280599967e-01,1.350758065090357507e-01,1.066936430992175000e-01,1.147159374461735187e-01,1.642732742235465671e-01,1.504929306034898662e-01,1.136703124053627390e+00,1.147684174594591155e+00,1.052437607757546467e-01,1.339257787799320309e-01,1.184027523083937550e-01
2.460073555567741543e+00,2.662824326224691784e+00,2.537960529348132432e+00,2.553077120197751793e+00,9.930529182831810076e+00,1.046161237481273432e+00,1.425644708653558412e+00,1.351537891671069858e+00,1.156813406930162325e+00,1.319600291278179016e+00,8.358032261328176560e-01,6.745945676493893262e-02,5.319104436995153451e-02,8.700845446816039830e-02,6.093523620410850467e-02,2.289680745737144585e-01,1.139567843858743101e-01,1.150135782767356618e+00,1.155638352559895221e+00,1.606171477380058943e-01,8.929899129754402531e-02,8.376817264998308310e-02
2.457872886425165326e+00,2.661024761281143736e+00,2.538100967274660391e+00,2.550971171624060396e+00,9.931920050457105020e+00,1.049867026673806603e+00,1.431482074695936024e+00,1.360745320289830751e+00,1.163536003916366912e+00,1.327609422128820160e+00,8.409702287001589172e-01,8.144563587956984985e-02,7.465539032531751107e-02,8.164572950768461679e-02,8.995992467809513227e-02,2.413840348475466413e-01,1.269930043307189171e-01,1.153612789372567171e+00,1.161226183808242052e+00,1.460991435151841045e-01,1.016463657886640254e-01,1.012806971766477548e-01
2.419268676187452005e+00,2.627628554403337091e+00,2.500280173814686702e+00,2.514253704607311679e+00,9.937050863228909847e+00,1.012649167222520852e+00,1.437611782869293586e+00,1.372954754838934477e+00,1.194443979312500570e+00,1.347408017502903066e+00,8.531466806193021002e-01,1.188838098181714681e-01,1.167251845326275350e-01,6.943500520046853863e-02,1.192993412312495782e-01,2.311934940146864459e-01,1.601688682423532961e-01,1.171109419928440865e+00,1.184572627103829046e+00,1.308214645129988640e-01,1.461102603823928037e-01,1.360724500045925600e-01
2.632738876445332110e+00,2.698841559944939572e+00,2.669077518565143414e+00,2.681302131910745956e+00,1.073163188772484844e+01,2.446884868499616061e+00,2.211741163220392714e+00,2.190844349892091536e+00,2.543468326654103606e+00,2.412451345318755713e+00,2.496509690470484877e+00,2.805651315832078385e+00,2.817499929866434272e+00,2.823291673889626985e+00,2.824148343423486196e+00,2.835641892845076395e+00,2.853309242675665214e+00,2.301353603602339870e+00,2.391186317915968029e+00,2.819132465542612209e+00,2.817424278020250306e+00,2.823027933515611654e+00
